{"stats":{"minecraft:picked_up":{"minecraft:iron_chestplate":7,"minecraft:diamond_sword":17,"minecraft:potion":1,"minecraft:enchanted_book":2,"minecraft:polished_blackstone_brick_stairs":56,"minecraft:string":346,"minecraft:iron_leggings":7,"minecraft:experience_bottle":667,"minecraft:diamond_leggings":17,"minecraft:bucket":5,"minecraft:spruce_planks":498,"minecraft:ender_eye":4,"minecraft:smooth_quartz":40,"minecraft:melon_slice":70,"minecraft:iron_boots":1,"minecraft:golden_helmet":2,"minecraft:polished_blackstone_brick_slab":142,"minecraft:stick":2035,"minecraft:composter":10,"minecraft:oak_fence":3,"mekanism:tin_ore":8,"minecraft:torch":1040,"minecraft:porkchop":26,"minecraft:diorite":101,"minecraft:quartz_block":366,"minecraft:cactus":84,"minecraft:rotten_flesh":380,"minecraft:end_rod":2,"minecraft:cod":3,"minecraft:cobblestone":1325,"minecraft:magma_block":1,"minecraft:cooked_beef":196,"mekanism:fluorite_ore":4,"minecraft:water_bucket":8,"minecraft:andesite":17,"minecraft:jungle_log":117,"minecraft:dark_oak_boat":1,"minecraft:lapis_lazuli":186,"minecraft:dirt":1726,"minecraft:glass":2303,"minecraft:bone":56,"minecraft:bow":18,"minecraft:wheat_seeds":10,"minecraft:mossy_stone_bricks":85,"minecraft:diamond_helmet":15,"minecraft:oak_planks":185,"minecraft:jungle_planks":1544,"minecraft:sand":9575,"minecraft:ink_sac":27,"minecraft:grass_block":14,"minecraft:shulker_box":15,"minecraft:clay":1,"minecraft:spruce_boat":5,"minecraft:crossbow":13,"minecraft:granite":175,"minecraft:bone_meal":1,"minecraft:golden_apple":1,"minecraft:white_concrete":2,"minecraft:bread":170,"minecraft:emerald":841,"minecraft:netherrack":792,"minecraft:diamond_pickaxe":64,"minecraft:crafting_table":9,"minecraft:wooden_pickaxe":7,"minecraft:purpur_block":88,"minecraft:shield":6,"minecraft:elytra":16,"minecraft:iron_axe":17,"minecraft:blackstone":726,"minecraft:cracked_stone_bricks":40,"minecraft:jungle_sapling":35,"minecraft:spruce_slab":406,"minecraft:quartz_stairs":98,"minecraft:sugar_cane":84,"minecraft:sandstone":2372,"minecraft:end_stone":299,"minecraft:stone":62,"minecraft:oak_door":1,"minecraft:spruce_fence":162,"minecraft:polished_blackstone_bricks":263,"minecraft:white_dye":6,"minecraft:quartz_pillar":225,"minecraft:carrot":488,"minecraft:netherite_pickaxe":2,"minecraft:diamond_chestplate":19,"minecraft:arrow":2801,"minecraft:weeping_vines":2,"minecraft:nether_bricks":2,"minecraft:diamond_boots":16,"minecraft:totem_of_undying":18,"minecraft:saddle":9,"minecraft:rail":156,"minecraft:jungle_boat":1,"minecraft:basalt":76,"minecraft:golden_carrot":973,"minecraft:leather":7,"minecraft:lily_pad":6,"minecraft:white_banner":43,"minecraft:orange_terracotta":2,"minecraft:stone_bricks":100,"minecraft:iron_ingot":160,"minecraft:iron_ore":25,"minecraft:glass_bottle":10,"minecraft:iron_sword":10,"minecraft:scaffolding":196,"minecraft:emerald_block":1,"minecraft:gravel":53,"minecraft:spruce_sapling":38,"minecraft:blast_furnace":3,"minecraft:white_bed":3,"minecraft:spruce_log":1020,"minecraft:gold_ore":27,"minecraft:spider_eye":11,"minecraft:firework_rocket":293,"minecraft:diamond_shovel":23,"minecraft:pumpkin_seeds":18,"minecraft:coal_ore":15,"minecraft:white_concrete_powder":3448,"minecraft:slime_ball":5,"minecraft:stone_axe":5,"minecraft:iron_helmet":6,"mekanism:fluorite_gem":2,"minecraft:diamond_axe":8,"minecraft:polished_blackstone_brick_wall":319,"minecraft:baked_potato":28,"minecraft:coal":85,"minecraft:ender_pearl":147},"minecraft:custom":{"minecraft:interact_with_crafting_table":45,"minecraft:open_shulker_box":32,"minecraft:leave_game":18,"minecraft:time_since_death":40957,"minecraft:sprint_one_cm":629322,"minecraft:damage_blocked_by_shield":625,"minecraft:drop":176,"minecraft:talked_to_villager":88,"minecraft:deaths":50,"minecraft:jump":10838,"minecraft:walk_on_water_one_cm":110390,"minecraft:interact_with_furnace":12,"minecraft:traded_with_villager":315,"minecraft:play_one_minute":1150990,"minecraft:sleep_in_bed":29,"minecraft:waystone_activated":9,"minecraft:open_enderchest":4,"minecraft:damage_dealt":11345,"minecraft:crouch_one_cm":248447,"minecraft:inspect_dispenser":1,"minecraft:interact_with_smithing_table":3,"minecraft:inspect_dropper":5,"minecraft:mob_kills":104,"minecraft:interact_with_anvil":23,"minecraft:inspect_hopper":7,"minecraft:climb_one_cm":46069,"minecraft:walk_one_cm":5448176,"minecraft:raid_win":1,"minecraft:sneak_time":79859,"minecraft:walk_under_water_one_cm":33414,"minecraft:boat_one_cm":156664,"minecraft:raid_trigger":2,"minecraft:interact_with_grindstone":3,"minecraft:interact_with_stonecutter":13,"minecraft:time_since_rest":12320,"minecraft:damage_absorbed":8,"minecraft:damage_taken":26493,"minecraft:fly_one_cm":2255830,"minecraft:open_chest":498,"minecraft:aviate_one_cm":7638936,"minecraft:fall_one_cm":257928},"minecraft:crafted":{"minecraft:smooth_stone":61,"minecraft:stone":3,"minecraft:diamond_shovel":5,"minecraft:quartz_block":4,"minecraft:diamond_helmet":2,"minecraft:iron_boots":1,"minecraft:diamond_leggings":2,"minecraft:polished_blackstone":268,"minecraft:quartz_stairs":325,"minecraft:oak_slab":126,"minecraft:emerald":276,"minecraft:crafting_table":1,"minecraft:spruce_planks":1680,"minecraft:iron_helmet":1,"minecraft:iron_chestplate":1,"minecraft:paper":192,"minecraft:diamond_pickaxe":1,"minecraft:shield":1,"minecraft:stick":2689,"minecraft:iron_ingot":19,"minecraft:gold_ingot":521,"minecraft:sandstone":1167,"minecraft:polished_blackstone_brick_stairs":3,"minecraft:composter":39,"minecraft:polished_blackstone_bricks":268,"minecraft:experience_bottle":27,"minecraft:furnace":2,"minecraft:bone_meal":200,"minecraft:spruce_fence":48,"minecraft:white_concrete_powder":8,"minecraft:spruce_slab":852,"minecraft:diamond_boots":1,"minecraft:diamond_sword":4,"minecraft:polished_blackstone_brick_slab":10,"minecraft:iron_sword":1,"minecraft:air":0,"minecraft:jungle_planks":396,"minecraft:polished_blackstone_brick_wall":54,"minecraft:white_dye":6,"minecraft:stonecutter":1,"minecraft:iron_leggings":1,"minecraft:torch":48,"minecraft:diamond_chestplate":2,"minecraft:firework_rocket":576},"minecraft:killed":{"minecraft:cave_spider":1,"minecraft:spider":12,"minecraft:skeleton":8,"minecraft:silverfish":5,"minecraft:piglin":1,"minecraft:ender_dragon":1,"minecraft:creeper":1,"minecraft:pillager":24,"minecraft:zombie":15,"minecraft:ghast":1,"minecraft:evoker":1,"minecraft:vex":3,"minecraft:endermite":1,"minecraft:vindicator":6,"minecraft:slime":2,"minecraft:husk":6,"minecraft:ravager":1,"minecraft:squid":1,"minecraft:enderman":5},"minecraft:killed_by":{"minecraft:creeper":1,"minecraft:pillager":2,"minecraft:ravager":2,"minecraft:vindicator":15,"minecraft:zombie":1,"minecraft:vex":4,"minecraft:husk":9,"minecraft:player":1,"minecraft:enderman":2,"minecraft:ender_dragon":2,"minecraft:hoglin":1,"minecraft:skeleton":2},"minecraft:used":{"minecraft:spruce_slab":516,"minecraft:white_concrete_powder":3433,"minecraft:shield":15,"minecraft:stone":1,"minecraft:iron_sword":361,"minecraft:quartz_stairs":273,"minecraft:rotten_flesh":2,"minecraft:carrot":147,"minecraft:glass":119,"minecraft:coal_ore":15,"minecraft:quartz_pillar":35,"minecraft:grass_block":14,"minecraft:quartz_block":1,"minecraft:polished_blackstone_brick_wall":91,"minecraft:bow":190,"minecraft:scaffolding":113,"minecraft:furnace":2,"minecraft:ender_pearl":20,"minecraft:wooden_pickaxe":6,"minecraft:sandstone":7,"minecraft:composter":41,"minecraft:sugar_cane":1,"minecraft:diamond_axe":107,"minecraft:sand":106,"minecraft:crossbow":11,"minecraft:end_stone":37,"minecraft:firework_rocket":13,"minecraft:melon_slice":18,"minecraft:bread":1,"minecraft:string":2,"minecraft:diamond_sword":144,"minecraft:bone_meal":94,"minecraft:experience_bottle":74,"minecraft:polished_blackstone_brick_slab":94,"minecraft:spruce_planks":30,"minecraft:netherrack":446,"minecraft:torch":58,"minecraft:dirt":2677,"minecraft:shulker_box":7,"minecraft:spruce_fence":35,"minecraft:iron_axe":169,"minecraft:jungle_log":18,"minecraft:polished_blackstone_brick_stairs":50,"minecraft:smooth_quartz":1,"minecraft:totem_of_undying":2,"minecraft:golden_carrot":58,"minecraft:netherite_pickaxe":1884,"minecraft:cooked_beef":9,"minecraft:baked_potato":20,"minecraft:stonecutter":1,"minecraft:polished_blackstone_bricks":169,"minecraft:crafting_table":1,"minecraft:white_bed":4,"minecraft:ender_eye":4,"minecraft:diamond_pickaxe":4119,"minecraft:diamond_shovel":8132,"minecraft:spruce_sapling":73,"minecraft:stone_axe":8,"minecraft:cobblestone":129,"minecraft:bucket":1},"minecraft:broken":{"minecraft:diamond_shovel":1,"minecraft:diamond_pickaxe":1,"minecraft:stone_axe":1,"minecraft:iron_sword":1,"minecraft:iron_axe":2},"minecraft:dropped":{"minecraft:clay":1,"minecraft:iron_sword":1,"minecraft:lapis_lazuli":1,"minecraft:crafting_table":1,"minecraft:cod":3,"minecraft:emerald":10,"minecraft:dirt":83,"minecraft:jungle_sapling":5,"minecraft:sand":2141,"minecraft:polished_blackstone_bricks":1,"minecraft:oak_door":1,"minecraft:gravel":16,"minecraft:sugar_cane":5,"minecraft:diamond_shovel":6,"minecraft:end_stone":10,"minecraft:carrot":1,"minecraft:white_dye":2,"minecraft:arrow":2,"minecraft:white_concrete_powder":8,"minecraft:netherrack":5,"minecraft:firework_rocket":197,"minecraft:water_bucket":2,"minecraft:enchanted_book":1,"minecraft:iron_ingot":64,"minecraft:bread":19,"minecraft:wheat_seeds":10,"minecraft:oak_fence":1,"minecraft:iron_helmet":2,"minecraft:cobblestone":26,"minecraft:granite":35,"minecraft:diorite":1,"minecraft:torch":65,"minecraft:iron_leggings":2,"minecraft:white_banner":2,"minecraft:iron_axe":3,"minecraft:cactus":6,"minecraft:string":94,"minecraft:lily_pad":6,"minecraft:diamond_sword":2,"minecraft:orange_terracotta":2,"minecraft:spruce_planks":12,"minecraft:iron_chestplate":2,"minecraft:diamond_pickaxe":2,"minecraft:andesite":9,"minecraft:quartz_stairs":23,"minecraft:spider_eye":7,"minecraft:sandstone":608,"minecraft:bow":2,"minecraft:wooden_pickaxe":1,"waystones:waystone":1},"minecraft:mined":{"minecraft:spruce_planks":6,"minecraft:white_bed":2,"minecraft:jungle_leaves":8,"minecraft:obsidian":1,"minecraft:granite":10,"minecraft:grass_block":639,"minecraft:jungle_log":121,"minecraft:white_concrete":3428,"minecraft:polished_blackstone_brick_slab":50,"minecraft:composter":2,"minecraft:polished_blackstone_bricks":58,"minecraft:weeping_vines_plant":1,"minecraft:iron_ore":5,"minecraft:pumpkin":1,"minecraft:iron_bars":1,"minecraft:spruce_slab":71,"minecraft:tripwire":1,"minecraft:quartz_block":1,"minecraft:blackstone":96,"minecraft:orange_terracotta":2,"minecraft:torch":5,"minecraft:dead_bush":3,"mekanism:tin_ore":8,"minecraft:glass":9,"minecraft:cobblestone":1,"minecraft:sugar_cane":44,"minecraft:wall_torch":4,"mekanism:fluorite_ore":4,"minecraft:grass":15,"minecraft:infested_mossy_stone_bricks":1,"minecraft:sand":6758,"minecraft:dirt":847,"minecraft:smooth_quartz":1,"minecraft:infested_cracked_stone_bricks":1,"minecraft:netherrack":440,"minecraft:oak_leaves":3,"minecraft:emerald_block":1,"minecraft:quartz_stairs":61,"minecraft:shulker_box":8,"minecraft:end_stone":159,"minecraft:spruce_fence":22,"minecraft:spruce_leaves":38,"minecraft:sandstone":1196,"minecraft:white_concrete_powder":2,"minecraft:spruce_sapling":3,"minecraft:andesite":6,"minecraft:vine":26,"minecraft:stone":248,"minecraft:scaffolding":25,"minecraft:infested_stone_bricks":3,"minecraft:basalt":40,"minecraft:polished_blackstone_brick_wall":39,"minecraft:tall_grass":4,"minecraft:lapis_ore":1,"minecraft:polished_blackstone_brick_stairs":7,"minecraft:diorite":21,"minecraft:cactus":9,"minecraft:spruce_log":2,"minecraft:quartz_pillar":9,"minecraft:bee_nest":1,"minecraft:coal_ore":37,"minecraft:end_rod":1,"minecraft:gravel":23,"minecraft:cobweb":86,"minecraft:cracked_stone_bricks":4,"minecraft:stone_bricks":5,"minecraft:mossy_stone_bricks":5,"minecraft:gold_ore":5}},"DataVersion":2586}