{"stats":{"minecraft:picked_up":{"minecraft:stick":4,"minecraft:oak_log":19,"minecraft:oak_sapling":10,"minecraft:dirt":9,"minecraft:egg":1},"minecraft:mined":{"minecraft:grass":2,"minecraft:grass_block":6,"minecraft:oak_log":21,"minecraft:dirt":3,"minecraft:oak_leaves":3},"minecraft:custom":{"minecraft:time_since_rest":34207,"minecraft:open_chest":13,"minecraft:play_one_minute":34207,"minecraft:crouch_one_cm":418,"minecraft:sprint_one_cm":33061,"minecraft:walk_one_cm":51274,"minecraft:sneak_time":63,"minecraft:jump":140,"minecraft:time_since_death":34207,"minecraft:walk_on_water_one_cm":618,"minecraft:climb_one_cm":49,"minecraft:interact_with_crafting_table":1,"minecraft:fall_one_cm":1548,"minecraft:fly_one_cm":4955},"minecraft:used":{"minecraft:dirt":3,"minecraft:egg":1}},"DataVersion":2586}