{"stats":{"minecraft:broken":{"minecraft:stone_pickaxe":1},"minecraft:killed_by":{"minecraft:skeleton":1,"minecraft:creeper":1,"minecraft:zombie":1},"minecraft:used":{"minecraft:stone_sword":17,"minecraft:iron_ore":1,"minecraft:iron_axe":9,"minecraft:stone_pickaxe":226,"minecraft:iron_pickaxe":56,"minecraft:shield":2,"minecraft:torch":57,"minecraft:cobblestone":46,"minecraft:crafting_table":1,"minecraft:furnace":1,"minecraft:carrot":33},"minecraft:dropped":{"minecraft:gravel":3,"minecraft:diorite":23,"minecraft:andesite":4,"minecraft:rotten_flesh":2,"minecraft:granite":14,"minecraft:stone_pickaxe":2},"minecraft:killed":{"minecraft:zombie":1,"minecraft:spider":1},"minecraft:crafted":{"minecraft:shield":1,"minecraft:iron_axe":1,"minecraft:crafting_table":1,"minecraft:stick":52,"minecraft:iron_ingot":15,"minecraft:iron_pickaxe":1,"minecraft:stone_pickaxe":15,"minecraft:stone_sword":1,"minecraft:furnace":1,"minecraft:torch":56,"minecraft:air":0},"minecraft:custom":{"minecraft:time_since_rest":1321,"minecraft:interact_with_furnace":3,"minecraft:sprint_one_cm":90522,"minecraft:damage_taken":1225,"minecraft:walk_one_cm":146222,"minecraft:damage_blocked_by_shield":90,"minecraft:mob_kills":2,"minecraft:drop":7,"minecraft:damage_dealt":697,"minecraft:interact_with_crafting_table":8,"minecraft:fly_one_cm":54746,"minecraft:open_chest":29,"minecraft:play_one_minute":45643,"minecraft:crouch_one_cm":1179,"minecraft:deaths":3,"minecraft:sneak_time":333,"minecraft:walk_under_water_one_cm":591,"minecraft:jump":625,"minecraft:leave_game":4,"minecraft:time_since_death":1289,"minecraft:walk_on_water_one_cm":38435,"minecraft:fall_one_cm":6071},"minecraft:picked_up":{"minecraft:stick":3,"minecraft:crafting_table":2,"minecraft:andesite":8,"minecraft:torch":16,"minecraft:gravel":6,"minecraft:flint":2,"minecraft:jungle_planks":22,"minecraft:diorite":46,"minecraft:shield":1,"minecraft:carrot":117,"minecraft:redstone":88,"minecraft:gold_ore":50,"minecraft:lapis_lazuli":32,"minecraft:iron_axe":1,"minecraft:stone_sword":1,"minecraft:arrow":1,"minecraft:rotten_flesh":4,"minecraft:wheat_seeds":1,"minecraft:iron_ingot":8,"minecraft:granite":28,"minecraft:stone_pickaxe":15,"minecraft:iron_ore":78,"minecraft:iron_pickaxe":1,"minecraft:coal":165,"minecraft:cobblestone":137,"minecraft:furnace":2},"minecraft:mined":{"minecraft:redstone_ore":10,"minecraft:furnace":1,"minecraft:iron_ore":49,"minecraft:andesite":3,"minecraft:crafting_table":1,"minecraft:granite":14,"minecraft:grass":10,"minecraft:coal_ore":73,"minecraft:gravel":4,"minecraft:cobblestone":6,"minecraft:stone":71,"minecraft:gold_ore":26,"minecraft:diorite":24,"minecraft:wall_torch":1}},"DataVersion":2586}