{"stats":{"minecraft:used":{"minecraft:iron_shovel":250,"minecraft:flint_and_steel":1,"waystones:sandy_waystone":1,"minecraft:stone_shovel":1200,"minecraft:chest":18,"minecraft:spruce_planks":3,"minecraft:shield":2,"minecraft:iron_sword":605,"minecraft:stone":2,"minecraft:netherrack":8,"minecraft:torch":4,"minecraft:dirt":96,"minecraft:birch_pressure_plate":1,"minecraft:weeping_vines":10,"minecraft:granite":36,"mekanism:tin_ore":2,"minecraft:milk_bucket":1,"minecraft:obsidian":10,"minecraft:lava_bucket":14,"minecraft:bookshelf":1,"minecraft:smooth_sandstone":1,"minecraft:totem_of_undying":5,"minecraft:golden_carrot":161,"minecraft:written_book":2,"minecraft:furnace":4,"minecraft:wheat_seeds":88,"minecraft:water_bucket":66,"minecraft:diorite":37,"minecraft:birch_planks":1,"minecraft:stone_pickaxe":386,"minecraft:oak_planks":1,"minecraft:beacon":1,"minecraft:wooden_pickaxe":3,"minecraft:cut_sandstone":32,"minecraft:sandstone":4,"minecraft:stonecutter":1,"minecraft:diamond_axe":71,"minecraft:sugar_cane":74,"minecraft:rail":2,"minecraft:sand":2,"minecraft:crafting_table":2,"minecraft:crossbow":4,"minecraft:white_bed":3,"minecraft:diamond_pickaxe":27714,"minecraft:diamond_shovel":818,"minecraft:firework_rocket":17,"minecraft:chiseled_sandstone":7,"minecraft:iron_pickaxe":31,"mekanism:uranium_ore":7,"minecraft:nether_wart_block":2,"minecraft:diamond_sword":12,"minecraft:cobblestone":793,"minecraft:cooked_porkchop":14,"minecraft:andesite":25,"minecraft:bucket":81,"minecraft:pumpkin_pie":4,"minecraft:bone_meal":86,"minecraft:experience_bottle":912},"minecraft:crafted":{"minecraft:golden_carrot":567,"minecraft:stone_shovel":22,"minecraft:cut_sandstone":32,"minecraft:experience_bottle":538,"waystones:sandy_waystone":1,"minecraft:furnace":2,"minecraft:stone":6,"minecraft:bone_meal":150,"minecraft:diamond_shovel":1,"minecraft:bookshelf":1,"minecraft:flint_and_steel":1,"minecraft:bow":1,"minecraft:diamond_helmet":1,"minecraft:diamond_leggings":2,"minecraft:ender_pearl":9,"minecraft:stone_pickaxe":4,"minecraft:chest":11,"minecraft:diamond_boots":3,"minecraft:chiseled_sandstone":12,"minecraft:stone_bricks":6760,"minecraft:name_tag":1,"minecraft:red_dye":11,"minecraft:crossbow":1,"minecraft:emerald":3444,"minecraft:crafting_table":1,"minecraft:wooden_pickaxe":1,"minecraft:iron_sword":51,"minecraft:smooth_sandstone":1,"minecraft:birch_pressure_plate":1,"minecraft:sandstone_slab":24,"minecraft:bucket":2,"minecraft:birch_planks":144,"waystones:warp_stone":2,"minecraft:enchanted_book":4,"minecraft:air":0,"minecraft:blue_dye":12,"minecraft:diamond_pickaxe":2,"minecraft:purple_dye":20,"minecraft:shield":1,"minecraft:stick":56,"minecraft:iron_ingot":555,"minecraft:iron_pickaxe":1,"minecraft:stonecutter":1,"minecraft:iron_shovel":1,"minecraft:sandstone":4,"minecraft:pumpkin_pie":512,"minecraft:lapis_lazuli":2,"minecraft:diamond_chestplate":2},"minecraft:killed":{"minecraft:zombified_piglin":33,"minecraft:spider":4,"minecraft:skeleton":32,"minecraft:silverfish":3,"minecraft:drowned":2,"goblintraders:goblin_trader":1,"minecraft:magma_cube":15,"minecraft:piglin":15,"minecraft:husk":1,"minecraft:hoglin":10,"minecraft:creeper":5,"minecraft:pillager":5,"minecraft:zombie":35,"minecraft:ghast":1,"minecraft:wither_skeleton":30,"minecraft:blaze":19,"minecraft:enderman":4,"minecraft:cow":2},"minecraft:dropped":{"mekanism:fluorite_gem":18,"minecraft:iron_ingot":129,"minecraft:birch_planks":12,"mekanism:osmium_ore":1,"minecraft:wheat_seeds":65,"minecraft:diamond_leggings":1,"minecraft:crossbow":2,"minecraft:cobblestone":3,"minecraft:book":3,"minecraft:leather":5,"minecraft:granite":24,"minecraft:purple_dye":4,"minecraft:flint":1,"minecraft:emerald":2,"minecraft:stick":2,"minecraft:iron_block":46,"mekanism:copper_ore":1,"minecraft:dirt":32,"minecraft:blue_dye":2,"minecraft:diorite":145,"minecraft:golden_carrot":18,"minecraft:diamond_helmet":1,"minecraft:gold_nugget":11,"minecraft:pumpkin_pie":128,"minecraft:sand":13,"minecraft:red_dye":1,"minecraft:bucket":1,"minecraft:bone":2,"minecraft:oak_door":1,"mekanism:tin_ore":3,"minecraft:stone_sword":2,"minecraft:birch_sapling":1,"minecraft:experience_bottle":2,"minecraft:rotten_flesh":13,"mekanism:lead_ore":1,"minecraft:diamond_sword":1,"minecraft:stone":64,"minecraft:shield":3,"minecraft:gunpowder":2,"mekanism:uranium_ore":7,"minecraft:andesite":70,"minecraft:mossy_stone_bricks":1,"minecraft:golden_leggings":1,"minecraft:golden_sword":5,"minecraft:stone_bricks":4,"minecraft:diamond_boots":1,"minecraft:sandstone":2,"minecraft:arrow":2,"minecraft:bow":1,"minecraft:stone_pickaxe":1,"minecraft:wooden_pickaxe":2,"minecraft:magma_cream":2,"minecraft:written_book":1},"minecraft:broken":{"minecraft:iron_shovel":1,"minecraft:stone_pickaxe":3,"minecraft:stone_shovel":8},"minecraft:picked_up":{"minecraft:wheat":90,"minecraft:crafting_table":1,"waystones:warp_stone":2,"minecraft:lead":1,"minecraft:nether_wart":33,"minecraft:brown_mushroom":1,"minecraft:diamond_sword":1,"minecraft:wooden_pickaxe":1,"minecraft:enchanted_book":4,"minecraft:dragon_head":5,"minecraft:shield":3,"minecraft:golden_sword":8,"minecraft:string":9,"minecraft:elytra":5,"minecraft:experience_bottle":181,"minecraft:diamond_leggings":5,"minecraft:gold_nugget":30,"minecraft:bucket":2,"minecraft:spruce_planks":3,"minecraft:written_book":2,"minecraft:iron_pickaxe":2,"minecraft:poppy":244,"mekanism:copper_ore":51,"minecraft:sugar_cane":209,"minecraft:chest":7,"minecraft:birch_sapling":2,"minecraft:furnace":3,"minecraft:stick":20,"minecraft:sandstone":49,"minecraft:stone":64,"minecraft:oak_door":1,"mekanism:tin_ore":21,"minecraft:torch":71,"minecraft:porkchop":22,"minecraft:diorite":1142,"minecraft:redstone":32,"minecraft:stone_shovel":7,"minecraft:stone_sword":4,"minecraft:arrow":82,"minecraft:weeping_vines":10,"minecraft:rotten_flesh":46,"minecraft:diamond_chestplate":3,"minecraft:pumpkin_pie":320,"minecraft:nether_bricks":2,"minecraft:diamond_boots":6,"minecraft:iron_block":46,"minecraft:totem_of_undying":2,"minecraft:blaze_rod":34,"mekanism:lead_ore":9,"minecraft:obsidian":82,"minecraft:rail":2,"minecraft:cobblestone":13395,"minecraft:birch_log":45,"minecraft:cooked_beef":7,"minecraft:magma_cream":3,"minecraft:golden_carrot":190,"minecraft:andesite":936,"minecraft:water_bucket":1,"minecraft:leather":14,"minecraft:golden_leggings":1,"minecraft:beacon":1,"minecraft:potato":6,"minecraft:birch_planks":36,"minecraft:flint":19,"waystones:sandy_waystone":1,"minecraft:nether_wart_block":8,"minecraft:gunpowder":70,"minecraft:wither_skeleton_skull":1,"minecraft:dirt":2116,"minecraft:smooth_sandstone":1,"minecraft:bone":167,"minecraft:stone_bricks":4,"minecraft:bow":7,"minecraft:wheat_seeds":248,"minecraft:iron_ingot":143,"minecraft:iron_ore":228,"minecraft:mossy_stone_bricks":1,"minecraft:diamond_helmet":4,"mekanism:osmium_ore":41,"minecraft:oak_planks":1,"minecraft:iron_sword":4,"minecraft:soul_sand":44,"minecraft:book":25,"minecraft:ghast_tear":2,"minecraft:milk_bucket":1,"minecraft:cooked_porkchop":18,"minecraft:gravel":81,"minecraft:lava_bucket":1,"minecraft:sand":31,"minecraft:white_bed":3,"minecraft:chiseled_sandstone":6,"minecraft:spider_eye":9,"minecraft:firework_rocket":267,"mekanism:uranium_ore":45,"minecraft:diamond":15,"mekanism:fluorite_gem":64,"minecraft:granite":1001,"minecraft:iron_helmet":1,"minecraft:crossbow":5,"minecraft:diamond_axe":3,"minecraft:chainmail_helmet":2,"minecraft:emerald":166,"minecraft:netherrack":76,"minecraft:coal":453,"minecraft:diamond_pickaxe":7,"minecraft:ender_pearl":15},"minecraft:custom":{"minecraft:interact_with_smithing_table":2,"minecraft:interact_with_anvil":47,"minecraft:mob_kills":236,"minecraft:animals_bred":7,"minecraft:inspect_hopper":6,"minecraft:interact_with_crafting_table":48,"goblintraders:trade_with_goblin":124,"minecraft:leave_game":3,"minecraft:time_since_death":306225,"minecraft:climb_one_cm":3086,"minecraft:sprint_one_cm":1459222,"minecraft:walk_one_cm":2853276,"minecraft:damage_blocked_by_shield":105,"minecraft:drop":101,"minecraft:talked_to_villager":135,"minecraft:sneak_time":151888,"minecraft:deaths":10,"minecraft:walk_under_water_one_cm":212610,"minecraft:jump":14161,"minecraft:interact_with_blast_furnace":2,"minecraft:enchant_item":2,"minecraft:walk_on_water_one_cm":138374,"minecraft:interact_with_furnace":50,"minecraft:traded_with_villager":4068,"minecraft:play_one_minute":968624,"minecraft:interact_with_stonecutter":6,"minecraft:interact_with_grindstone":7,"minecraft:sleep_in_bed":5,"minecraft:waystone_activated":10,"minecraft:time_since_rest":146331,"minecraft:damage_taken":17916,"minecraft:damage_dealt":43696,"minecraft:interact_with_beacon":10,"minecraft:swim_one_cm":570629,"minecraft:fly_one_cm":3317870,"minecraft:open_chest":745,"minecraft:crouch_one_cm":386468,"minecraft:aviate_one_cm":2634555,"minecraft:fall_one_cm":449915},"minecraft:mined":{"minecraft:diamond_ore":15,"minecraft:white_bed":3,"minecraft:obsidian":24,"minecraft:granite":1274,"minecraft:grass_block":919,"minecraft:weeping_vines":7,"minecraft:sandstone":41,"minecraft:nether_wart":11,"minecraft:weeping_vines_plant":6,"minecraft:redstone_ore":16,"mekanism:copper_ore":63,"minecraft:furnace":2,"minecraft:iron_ore":233,"minecraft:fire":111,"minecraft:chiseled_sandstone":5,"minecraft:andesite":1386,"minecraft:bookshelf":1,"minecraft:rail":2,"minecraft:iron_block":61,"minecraft:stone":22250,"mekanism:osmium_ore":85,"minecraft:soul_sand":44,"minecraft:smooth_sandstone":1,"minecraft:crafting_table":1,"minecraft:torch":2,"minecraft:poppy":10,"minecraft:beacon":2,"minecraft:chest":1,"minecraft:dead_bush":1,"mekanism:tin_ore":28,"minecraft:tall_grass":1,"minecraft:cobblestone":476,"minecraft:oak_planks":1,"minecraft:sugar_cane":90,"minecraft:diorite":1591,"mekanism:uranium_ore":58,"minecraft:nether_wart_block":5,"minecraft:wheat":88,"mekanism:fluorite_ore":46,"minecraft:birch_log":27,"minecraft:birch_leaves":100,"minecraft:grass":55,"minecraft:coal_ore":397,"mekanism:lead_ore":15,"minecraft:sand":18,"minecraft:gravel":460,"minecraft:dirt":960,"minecraft:netherrack":3,"minecraft:gold_ore":5},"minecraft:killed_by":{"minecraft:wither_skeleton":3,"minecraft:creeper":3,"minecraft:piglin":1,"minecraft:hoglin":1,"minecraft:blaze":1}},"DataVersion":2586}