{"stats":{"minecraft:custom":{"minecraft:interact_with_smithing_table":4,"minecraft:mob_kills":2,"minecraft:interact_with_crafting_table":1,"minecraft:play_one_minute":93005,"minecraft:open_shulker_box":1,"minecraft:leave_game":1,"minecraft:time_since_death":91047,"minecraft:sleep_in_bed":1,"minecraft:climb_one_cm":8,"minecraft:time_since_rest":81909,"minecraft:waystone_activated":1,"minecraft:sprint_one_cm":2936,"minecraft:damage_taken":455,"minecraft:walk_one_cm":471225,"minecraft:drop":6,"minecraft:damage_dealt":222,"minecraft:talked_to_villager":5,"minecraft:fly_one_cm":1618,"minecraft:open_chest":22,"minecraft:sneak_time":4,"minecraft:deaths":1,"minecraft:walk_under_water_one_cm":3920,"minecraft:jump":479,"minecraft:walk_on_water_one_cm":3691,"minecraft:fall_one_cm":5710},"minecraft:mined":{"minecraft:spruce_planks":1,"minecraft:shulker_box":1,"minecraft:granite":1,"minecraft:poppy":9,"minecraft:tall_grass":8,"minecraft:spruce_leaves":26,"minecraft:sugar_cane":1,"minecraft:sandstone":15,"minecraft:oxeye_daisy":2,"minecraft:cactus":1,"minecraft:blue_terracotta":4,"minecraft:spruce_sapling":1,"minecraft:spruce_log":16,"minecraft:grass":28,"minecraft:vine":2,"minecraft:rail":1,"minecraft:sand":69,"minecraft:stone":5,"minecraft:netherrack":1},"minecraft:dropped":{"minecraft:apple":5,"minecraft:oxeye_daisy":4,"minecraft:poppy":12,"minecraft:spruce_planks":44},"minecraft:killed":{"minecraft:skeleton":1,"minecraft:zombie":1},"minecraft:crafted":{"minecraft:crafting_table":5,"minecraft:spruce_planks":64},"minecraft:used":{"minecraft:blue_terracotta":4,"minecraft:chest":6,"minecraft:spruce_planks":2,"minecraft:diamond_axe":41,"minecraft:sand":3,"minecraft:dirt":28,"minecraft:crafting_table":1,"minecraft:shulker_box":1,"minecraft:white_bed":1,"minecraft:spruce_log":14,"minecraft:diamond_pickaxe":82,"minecraft:diamond_shovel":25,"minecraft:spruce_sapling":11,"minecraft:gravel":2,"minecraft:diamond_sword":9,"minecraft:bone_meal":57},"minecraft:picked_up":{"minecraft:crafting_table":5,"minecraft:golden_carrot":64,"minecraft:diamond_sword":1,"minecraft:flint":11,"minecraft:dirt":61,"minecraft:lantern":1,"minecraft:apple":5,"minecraft:wheat_seeds":14,"minecraft:spruce_planks":1,"minecraft:iron_ingot":256,"minecraft:jungle_sapling":1,"minecraft:poppy":12,"minecraft:chest":15,"minecraft:stick":11,"minecraft:sandstone":15,"minecraft:stone":53,"minecraft:oak_door":1,"minecraft:torch":1,"minecraft:gravel":74,"minecraft:sand":256,"minecraft:spruce_sapling":81,"minecraft:diorite":1,"minecraft:white_bed":1,"minecraft:spruce_log":341,"minecraft:shulker_box":1,"minecraft:cactus":3,"minecraft:arrow":2,"minecraft:rotten_flesh":1,"minecraft:blue_terracotta":4,"minecraft:diamond_axe":1,"minecraft:granite":1,"minecraft:rail":1,"minecraft:oxeye_daisy":4},"minecraft:killed_by":{"minecraft:player":1}},"DataVersion":2586}