{"stats":{"minecraft:crafted":{"pipez:basic_upgrade":3,"minecraft:black_dye":78,"minecraft:light_gray_concrete_powder":8,"pipez:wrench":2,"minecraft:oak_sign":3,"minecraft:cut_sandstone":320,"minecraft:cut_sandstone_slab":246,"minecraft:blaze_powder":44,"minecraft:birch_boat":5,"pipez:improved_upgrade":3,"pipez:item_pipe":512,"waystones:waystone":9,"minecraft:zombie_head":7,"ironfurnaces:iron_furnace":2,"minecraft:slime_block":225,"minecraft:polished_blackstone_slab":30,"minecraft:lever":26,"minecraft:diamond_shovel":46,"ironfurnaces:diamond_furnace":2,"minecraft:bookshelf":43,"minecraft:nether_brick":0,"minecraft:cooked_mutton":14,"minecraft:shulker_box":5,"minecraft:iron_bars":1056,"simplylight:illuminant_slab":18,"minecraft:quartz_block":1076,"minecraft:glass":3280,"minecraft:repeater":86,"minecraft:diamond_helmet":28,"minecraft:diamond_leggings":4,"minecraft:beacon":1,"minecraft:polished_blackstone":28,"minecraft:iron_door":3,"ironfurnaces:upgrade_netherite":1,"minecraft:dried_kelp_block":817,"minecraft:feather":30,"minecraft:black_wool":9,"minecraft:cooked_rabbit":2,"minecraft:name_tag":2,"minecraft:glass_bottle":102,"minecraft:blue_stained_glass":8,"minecraft:pumpkin":261,"minecraft:emerald":20380,"minecraft:smooth_quartz":0,"minecraft:cooked_porkchop":2,"minecraft:diamond_axe":43,"minecraft:smithing_table":1,"minecraft:sticky_piston":56,"minecraft:music_disc_blocks":1,"waystones:warp_stone":7,"minecraft:stone_brick_stairs":4,"minecraft:lime_shulker_box":1,"naturescompass:naturescompass":1,"minecraft:stone_slab":252,"minecraft:compass":1,"minecraft:iron_pickaxe":32,"minecraft:iron_block":786,"minecraft:gold_ingot":1139,"minecraft:sandstone":10711,"minecraft:light_gray_dye":3,"minecraft:netherite_ingot":48,"minecraft:spruce_fence_gate":177,"minecraft:nautilus_shell":100,"minecraft:honeycomb":201,"minecraft:jungle_sign":48,"minecraft:golden_carrot":288,"minecraft:stone_shovel":3,"minecraft:iron_nugget":27,"minecraft:experience_bottle":2669,"minecraft:diamond_hoe":1,"minecraft:jack_o_lantern":188,"minecraft:bone_meal":17504,"ironchest:gold_to_diamond_chest_upgrade":19,"elevatorid:elevator_black":2,"ironfurnaces:emerald_furnace":2,"minecraft:lantern":159,"minecraft:netherite_axe":1,"minecraft:spruce_stairs":516,"minecraft:polished_diorite":4,"minecraft:black_concrete_powder":96,"minecraft:ladder":189,"minecraft:spruce_slab":3552,"minecraft:ender_pearl":296,"minecraft:stone_pickaxe":3,"minecraft:diamond_boots":8,"minecraft:spruce_boat":33,"minecraft:redstone_block":16,"minecraft:dark_oak_planks":808,"minecraft:golden_helmet":6,"ironchest:gold_chest":7,"minecraft:daylight_detector":1,"minecraft:light_gray_terracotta":4,"ironchest:wood_to_iron_chest_upgrade":55,"minecraft:netherite_pickaxe":2,"minecraft:enchanting_table":1,"minecraft:dried_kelp":0,"minecraft:gray_concrete_powder":8,"ironfurnaces:upgrade_iron":4,"minecraft:sandstone_slab":1230,"minecraft:leather_helmet":1,"minecraft:glowstone":498,"minecraft:white_stained_glass":1912,"minecraft:enchanted_book":29,"ironfurnaces:upgrade_gold":2,"minecraft:sandstone_wall":1038,"minecraft:red_stained_glass":248,"ironchest:iron_to_gold_chest_upgrade":24,"minecraft:golden_apple":12,"ironchest:obsidian_chest":5,"minecraft:andesite_slab":126,"minecraft:black_stained_glass_pane":832,"minecraft:iron_shovel":33,"minecraft:iron_leggings":2,"minecraft:white_bed":11,"minecraft:note_block":5,"ironfurnaces:upgrade_diamond":1,"minecraft:nether_brick_stairs":24,"minecraft:oak_planks":1852,"minecraft:cobblestone_slab":8406,"minecraft:quartz_bricks":4,"minecraft:cooked_chicken":4,"minecraft:creeper_head":7,"minecraft:cobblestone_stairs":144,"minecraft:spruce_pressure_plate":1,"minecraft:hopper":383,"minecraft:stone_brick_slab":468,"minecraft:honey_bottle":192,"minecraft:bow":36,"minecraft:iron_boots":2,"minecraft:blackstone_wall":18,"minecraft:comparator":14,"minecraft:chest":799,"minecraft:polished_basalt":4,"minecraft:chiseled_stone_bricks":2096,"minecraft:rail":256,"minecraft:stone_hoe":4,"minecraft:ender_eye":35,"minecraft:stone_bricks":540,"minecraft:oak_fence":3,"minecraft:golden_boots":5,"minecraft:dropper":65,"minecraft:item_frame":14,"minecraft:arrow":1024,"minecraft:cauldron":1,"minecraft:crafting_table":43,"minecraft:chiseled_nether_bricks":2,"minecraft:spruce_planks":47286,"minecraft:wooden_pickaxe":2,"minecraft:baked_potato":0,"minecraft:iron_helmet":2,"minecraft:turtle_egg":28,"minecraft:birch_pressure_plate":1,"ironfurnaces:obsidian_furnace":2,"minecraft:gold_block":261,"minecraft:hopper_minecart":23,"minecraft:brewing_stand":1,"minecraft:birch_planks":168,"ironchest:diamond_chest":5,"minecraft:dispenser":21,"minecraft:tnt":3,"minecraft:spruce_trapdoor":572,"minecraft:totem_of_undying":168,"minecraft:purple_dye":84,"minecraft:emerald_block":711,"minecraft:book":75,"minecraft:iron_chestplate":2,"minecraft:paper":1875,"minecraft:charcoal":0,"minecraft:diamond_pickaxe":32,"minecraft:shield":6,"minecraft:stick":65938,"minecraft:iron_ingot":6138,"minecraft:stone_sword":2,"minecraft:snow_block":15,"minecraft:redstone_torch":412,"minecraft:sponge":32,"minecraft:shears":8,"minecraft:blue_terracotta":4,"pipez:advanced_upgrade":3,"minecraft:oak_door":6,"minecraft:nether_brick_slab":1854,"minecraft:redstone":54,"ironfurnaces:gold_furnace":2,"minecraft:netherite_sword":1,"minecraft:spruce_button":1,"minecraft:furnace":334,"minecraft:stone_button":4,"minecraft:piston":96,"minecraft:gray_dye":2,"minecraft:smooth_quartz_stairs":20,"minecraft:oak_trapdoor":4,"minecraft:flint_and_steel":3,"minecraft:scaffolding":1704,"minecraft:blue_ice":67,"minecraft:netherite_leggings":1,"minecraft:leather":1,"minecraft:iron_axe":22,"minecraft:spruce_wood":570,"minecraft:slime_ball":89,"minecraft:lime_dye":2,"minecraft:cobblestone_wall":138,"minecraft:smooth_quartz_slab":846,"ironchest:diamond_to_obsidian_chest_upgrade":7,"minecraft:blackstone_stairs":112,"minecraft:observer":137,"minecraft:minecart":71,"minecraft:cooked_beef":85,"minecraft:sugar":35,"minecraft:red_dye":98,"minecraft:smooth_sandstone_stairs":4,"minecraft:diamond_sword":13,"elevatorid:elevator_white":11,"minecraft:spruce_sign":284,"minecraft:music_disc_mellohi":1,"minecraft:powered_rail":48,"minecraft:activator_rail":12,"minecraft:smooth_sandstone":2170,"minecraft:iron_sword":34,"minecraft:bell":30,"minecraft:nether_bricks":1089,"minecraft:bucket":30,"minecraft:stone_axe":2,"minecraft:bread":10,"minecraft:air":0,"minecraft:jungle_planks":624,"minecraft:blue_dye":49,"minecraft:black_stained_glass":432,"pipez:filter_destination_tool":2,"minecraft:oak_boat":7,"minecraft:smooth_sandstone_slab":66,"ironfurnaces:upgrade_obsidian":1,"minecraft:white_dye":314,"minecraft:netherite_shovel":1,"minecraft:black_carpet":3,"minecraft:anvil":260,"ironfurnaces:upgrade_emerald":1,"minecraft:torch":2468,"minecraft:blackstone_slab":30,"ironchest:iron_chest":88,"minecraft:diamond_chestplate":1,"minecraft:firework_rocket":3915,"minecraft:ender_chest":6},"minecraft:broken":{"minecraft:golden_boots":3,"minecraft:diamond_helmet":2,"minecraft:shears":1,"minecraft:iron_boots":1,"minecraft:diamond_shovel":11,"minecraft:iron_sword":5,"minecraft:stone_sword":1,"minecraft:diamond_leggings":2,"minecraft:stone_hoe":2,"minecraft:iron_axe":9,"minecraft:iron_pickaxe":16,"minecraft:golden_helmet":4,"minecraft:iron_shovel":25,"minecraft:stone_pickaxe":3,"minecraft:diamond_boots":1,"minecraft:stone_axe":1,"minecraft:stone_shovel":1,"minecraft:diamond_chestplate":1,"minecraft:flint_and_steel":1,"minecraft:leather_chestplate":1,"minecraft:diamond_axe":6,"minecraft:leather_boots":1},"minecraft:dropped":{"minecraft:iron_sword":7,"minecraft:porkchop":45,"mekanism:osmium_ore":4,"minecraft:lapis_lazuli":94,"minecraft:cooked_beef":30,"minecraft:chorus_fruit":6,"pipez:filter_destination_tool":1,"minecraft:glass_bottle":53,"minecraft:diamond":22,"minecraft:crafting_table":6,"minecraft:crossbow":3,"minecraft:warped_roots":2,"minecraft:fletching_table":1,"minecraft:cracked_stone_bricks":10,"minecraft:elytra":9,"minecraft:rail":23,"minecraft:leather_helmet":4,"minecraft:emerald":330,"minecraft:dirt":521,"minecraft:chain":1,"minecraft:gold_nugget":16,"minecraft:wooden_sword":1,"minecraft:bone_meal":8,"minecraft:sand":761,"minecraft:iron_pickaxe":6,"minecraft:dark_oak_planks":255,"minecraft:white_wool":1,"mekanism:fluorite_ore":2,"minecraft:bone":47,"minecraft:stone_axe":3,"minecraft:sugar_cane":448,"minecraft:ancient_debris":64,"minecraft:golden_chestplate":2,"minecraft:black_carpet":1982,"minecraft:wheat":8,"minecraft:birch_sapling":1,"minecraft:obsidian":107,"minecraft:rotten_flesh":67,"minecraft:oak_planks":59,"minecraft:end_stone":105,"minecraft:white_bed":2,"minecraft:salmon":2,"refinedstorage:wireless_grid":1,"minecraft:coal_ore":73,"minecraft:charcoal":64,"minecraft:hopper":1,"minecraft:leather_boots":3,"minecraft:ladder":3,"minecraft:leather_leggings":1,"minecraft:white_dye":5,"minecraft:spruce_slab":1173,"minecraft:glass":522,"minecraft:podzol":2,"minecraft:egg":3,"minecraft:enchanted_book":4,"minecraft:golden_boots":4,"minecraft:iron_ingot":358,"minecraft:netherite_pickaxe":2,"minecraft:wheat_seeds":26,"minecraft:oak_fence":2,"minecraft:feather":5,"minecraft:cobblestone":1127,"minecraft:book":35,"minecraft:apple":4,"minecraft:granite":220,"minecraft:chainmail_helmet":1,"minecraft:coal":56,"minecraft:golden_apple":1,"minecraft:turtle_egg":6,"minecraft:golden_carrot":383,"minecraft:ink_sac":9,"minecraft:diamond_helmet":6,"minecraft:iron_shovel":6,"minecraft:string":224,"minecraft:smooth_sandstone":138,"minecraft:lily_pad":31,"minecraft:spruce_sapling":17,"minecraft:stone_sword":2,"minecraft:chicken":4,"minecraft:iron_boots":1,"minecraft:stone_slab":2,"minecraft:nether_bricks":2,"minecraft:shears":1,"minecraft:pumpkin_seeds":9,"minecraft:blast_furnace":2,"minecraft:diamond_sword":5,"minecraft:cobblestone_slab":14,"minecraft:potato":805,"pipez:item_pipe":3,"minecraft:spruce_boat":10,"minecraft:stone":394,"minecraft:spruce_trapdoor":293,"minecraft:spruce_planks":575,"minecraft:diamond_pickaxe":15,"minecraft:redstone_torch":4,"minecraft:stone_bricks":1,"minecraft:spider_eye":3,"minecraft:bamboo":96,"minecraft:birch_boat":3,"minecraft:sandstone":102,"minecraft:bow":26,"waystones:waystone":1,"minecraft:magma_block":195,"pipez:wrench":1,"minecraft:black_wool":1,"minecraft:crimson_nylium":12,"minecraft:spruce_sign":2,"minecraft:warped_stem":4,"minecraft:brown_mushroom":4,"minecraft:birch_planks":4,"minecraft:diamond_axe":12,"minecraft:oak_log":29,"minecraft:baked_potato":41,"minecraft:ender_pearl":174,"minecraft:dark_oak_sapling":3,"refinedstorage:importer":1,"minecraft:leather":24,"minecraft:cod":3,"minecraft:flint":14,"minecraft:cobblestone_stairs":3,"minecraft:spruce_leaves":234,"minecraft:dark_oak_log":30,"minecraft:dispenser":1,"minecraft:polished_blackstone_brick_stairs":1,"minecraft:mutton":8,"minecraft:crimson_roots":2,"minecraft:seagrass":4,"minecraft:cut_sandstone":65,"minecraft:pumpkin_pie":4,"minecraft:gold_ingot":55,"minecraft:gravel":369,"minecraft:purpur_block":8,"minecraft:blackstone":3,"minecraft:diamond_shovel":6,"minecraft:carrot":218,"minecraft:chainmail_chestplate":2,"minecraft:sandstone_wall":3,"minecraft:chiseled_stone_bricks":1,"minecraft:poppy":67,"minecraft:leather_chestplate":4,"minecraft:gunpowder":138,"minecraft:melon_seeds":3,"minecraft:chainmail_boots":1,"minecraft:arrow":3544,"minecraft:iron_ore":12,"minecraft:basalt":62,"minecraft:iron_bars":12,"minecraft:white_concrete_powder":33,"minecraft:scaffolding":38,"minecraft:netherrack":2461,"pipez:advanced_upgrade":1,"minecraft:firework_rocket":549,"minecraft:stone_hoe":2,"minecraft:water_bucket":3,"minecraft:bread":57,"minecraft:golden_helmet":10,"minecraft:minecart":4,"minecraft:bookshelf":4,"minecraft:diamond_leggings":6,"minecraft:poisonous_potato":4,"minecraft:observer":1,"minecraft:activator_rail":4,"minecraft:spruce_stairs":134,"minecraft:spruce_fence_gate":2,"minecraft:stick":23319,"minecraft:diorite":248,"minecraft:nether_gold_ore":19,"minecraft:torch":241,"minecraft:melon_slice":45,"minecraft:iron_leggings":3,"ironfurnaces:obsidian_furnace":1,"minecraft:iron_axe":9,"minecraft:cactus":26,"minecraft:bucket":1,"minecraft:chiseled_sandstone":3,"minecraft:redstone":220,"minecraft:nether_brick_slab":1,"minecraft:kelp":5,"minecraft:warped_nylium":31,"minecraft:dragon_head":6,"minecraft:nether_wart":9,"minecraft:light_gray_wool":2,"minecraft:totem_of_undying":142,"minecraft:shulker_box":1,"minecraft:flint_and_steel":4,"minecraft:shield":8,"minecraft:black_concrete_powder":5953,"minecraft:diamond_chestplate":7,"minecraft:dragon_egg":1,"minecraft:iron_chestplate":1,"minecraft:andesite":101,"minecraft:mossy_stone_bricks":1,"minecraft:golden_leggings":3,"minecraft:oak_boat":2,"minecraft:oak_sapling":9,"minecraft:golden_sword":1,"minecraft:slime_ball":2,"minecraft:gray_concrete_powder":3,"minecraft:spruce_log":159,"minecraft:diamond_boots":7,"minecraft:wooden_pickaxe":3,"minecraft:nether_quartz_ore":3,"minecraft:white_stained_glass":2},"minecraft:picked_up":{"minecraft:seagrass":60,"minecraft:iron_chestplate":8,"minecraft:chainmail_boots":2,"minecraft:creeper_head":29,"minecraft:anvil":50,"minecraft:stone_slab":14,"minecraft:lead":16,"minecraft:diamond_sword":42,"minecraft:smithing_table":4,"minecraft:wither_rose":2,"minecraft:enchanted_book":17,"minecraft:purple_shulker_box":8,"minecraft:brewing_stand":2,"minecraft:golden_sword":2,"minecraft:string":3527,"minecraft:polished_blackstone_brick_stairs":1,"minecraft:shroomlight":4,"minecraft:beetroot":8,"minecraft:diamond_leggings":54,"minecraft:dead_bubble_coral_fan":9,"minecraft:gold_nugget":353,"minecraft:spruce_planks":4133,"minecraft:melon_slice":45,"minecraft:diamond_ore":18,"minecraft:golden_helmet":25,"minecraft:composter":1,"mekanism:tin_ore":10,"minecraft:purpur_pillar":10,"minecraft:sandstone_wall":3379,"minecraft:golden_chestplate":3,"minecraft:cauldron":2,"minecraft:black_dye":2,"minecraft:stone_sword":16,"minecraft:horn_coral_fan":3,"minecraft:blackstone_wall":36,"minecraft:polished_basalt":1,"minecraft:iron_block":298,"minecraft:carved_pumpkin":190,"minecraft:glowstone":275,"minecraft:bookshelf":4,"minecraft:end_rod":1,"minecraft:blaze_rod":40,"minecraft:blackstone_stairs":137,"minecraft:iron_bars":2614,"minecraft:snowball":62,"minecraft:birch_log":253,"minecraft:magma_block":10669,"minecraft:feather":16,"minecraft:cooked_beef":328,"minecraft:water_bucket":48,"minecraft:iron_door":14,"mekanism:fluorite_ore":2,"minecraft:jungle_log":192,"minecraft:dark_oak_boat":5,"minecraft:flint":168,"minecraft:stripped_spruce_wood":1,"minecraft:netherite_leggings":3,"minecraft:gray_concrete":244,"minecraft:lantern":265,"minecraft:gray_concrete_powder":1260,"minecraft:light_gray_concrete_powder":1286,"ironfurnaces:item_heater":1,"minecraft:stonecutter":2,"minecraft:rabbit":3,"minecraft:diamond_helmet":48,"minecraft:glowstone_dust":346,"minecraft:birch_fence_gate":1,"minecraft:ink_sac":94,"minecraft:dark_oak_log":650,"minecraft:quartz_bricks":4,"minecraft:black_concrete_powder":6603,"minecraft:blue_terracotta":6,"minecraft:dispenser":33,"minecraft:lever":15,"minecraft:granite":3357,"minecraft:bread":213,"minecraft:chainmail_helmet":1,"minecraft:jack_o_lantern":287,"minecraft:crimson_roots":17,"minecraft:diamond_pickaxe":93,"minecraft:spruce_leaves":235,"minecraft:crafting_table":74,"minecraft:bubble_coral_fan":5,"minecraft:sandstone_slab":86,"minecraft:nether_wart":16,"minecraft:clay_ball":308,"minecraft:leather_leggings":3,"minecraft:dragon_head":4,"minecraft:purpur_block":28,"minecraft:cornflower":24,"minecraft:jungle_trapdoor":2,"simplylight:illuminant_slab":56,"minecraft:elytra":45,"minecraft:flint_and_steel":8,"pipez:advanced_upgrade":1,"minecraft:white_stained_glass":194,"minecraft:iron_shovel":12,"minecraft:cracked_stone_bricks":150,"minecraft:netherite_sword":4,"minecraft:beef":270,"minecraft:jungle_sapling":22,"minecraft:iron_nugget":10,"minecraft:poppy":2791,"minecraft:spruce_slab":974,"minecraft:minecart":78,"minecraft:quartz_stairs":18,"minecraft:chest":241,"minecraft:birch_sapling":21,"minecraft:piston":49,"minecraft:diamond_hoe":3,"minecraft:egg":48,"minecraft:lime_shulker_box":1,"minecraft:sandstone":18857,"minecraft:stone":2516,"minecraft:oak_door":4,"pipez:item_pipe":121,"ironchest:iron_chest":76,"minecraft:fire_charge":1,"minecraft:white_dye":49,"minecraft:carrot":1388,"minecraft:redstone":3531,"minecraft:netherite_pickaxe":5,"minecraft:tnt":36,"ironfurnaces:obsidian_furnace":1,"minecraft:stone_shovel":1,"minecraft:diamond_chestplate":26,"minecraft:cooked_cod":19,"minecraft:beetroot_seeds":26,"minecraft:tube_coral_fan":3,"ironfurnaces:gold_furnace":7,"minecraft:shears":8,"minecraft:diamond_boots":48,"minecraft:sandstone_stairs":11,"minecraft:gold_ingot":148,"minecraft:totem_of_undying":174,"minecraft:polished_blackstone":6,"minecraft:mutton":39,"minecraft:bone_block":32,"minecraft:white_wool":193,"minecraft:rail":1012,"minecraft:oxeye_daisy":2,"minecraft:stripped_oak_log":1,"minecraft:lime_bed":4,"minecraft:blackstone_slab":101,"minecraft:jungle_fence":2,"minecraft:red_mushroom":62,"minecraft:purpur_stairs":5,"minecraft:oak_log":691,"minecraft:lily_pad":54,"minecraft:ancient_debris":257,"minecraft:golden_boots":21,"minecraft:paper":24,"minecraft:white_banner":7,"minecraft:apple":74,"minecraft:stone_bricks":1084,"minecraft:kelp":1592,"minecraft:warped_stem":4,"minecraft:oak_fence_gate":1,"minecraft:stone_pickaxe":8,"minecraft:iron_ore":1309,"minecraft:glass_bottle":82,"minecraft:iron_sword":15,"elevatorid:elevator_white":12,"minecraft:daylight_detector":8,"minecraft:gravel":1643,"minecraft:spruce_sapling":967,"minecraft:spruce_log":13878,"minecraft:crying_obsidian":2,"minecraft:dragon_egg":5,"minecraft:leather_helmet":3,"minecraft:coal_ore":266,"minecraft:firework_rocket":2115,"minecraft:diamond_shovel":56,"minecraft:red_stained_glass":6,"minecraft:slime_ball":3018,"minecraft:stone_axe":11,"minecraft:diamond_axe":63,"minecraft:redstone_ore":9,"minecraft:gray_wool":1,"minecraft:warped_roots":5,"minecraft:baked_potato":678,"minecraft:crimson_nylium":66,"minecraft:melon_seeds":5,"minecraft:warped_nylium":127,"minecraft:smooth_quartz_slab":655,"minecraft:hopper":264,"minecraft:ender_pearl":423,"minecraft:shulker_shell":10,"minecraft:black_carpet":9198,"minecraft:wheat":241,"minecraft:redstone_block":2,"minecraft:ender_chest":3,"minecraft:nether_brick_fence":7,"minecraft:dead_horn_coral_fan":4,"minecraft:potion":2,"minecraft:turtle_egg":147,"minecraft:nether_brick":114,"minecraft:stone_brick_stairs":8,"minecraft:iron_leggings":13,"minecraft:sticky_piston":76,"minecraft:zombie_head":25,"minecraft:experience_bottle":647,"minecraft:oak_sign":5,"minecraft:activator_rail":12,"minecraft:sea_pickle":58,"minecraft:comparator":4,"minecraft:bucket":41,"minecraft:red_dye":1,"minecraft:redstone_torch":124,"minecraft:cobblestone_slab":1225,"minecraft:ender_eye":19,"minecraft:smooth_quartz":1967,"minecraft:iron_pickaxe":13,"minecraft:smooth_quartz_stairs":20,"minecraft:iron_boots":9,"minecraft:furnace":245,"minecraft:tipped_arrow":31,"minecraft:stick":2980,"ironchest:obsidian_chest":5,"minecraft:oak_fence":41,"minecraft:torch":1844,"minecraft:spruce_stairs":237,"minecraft:porkchop":149,"minecraft:netherite_shovel":4,"minecraft:dead_brain_coral_fan":3,"minecraft:diorite":3930,"pipez:wrench":1,"minecraft:quartz_block":24,"minecraft:nether_gold_ore":291,"minecraft:cactus":145,"minecraft:rotten_flesh":1084,"minecraft:obsidian":1199,"minecraft:cod":10,"minecraft:blaze_powder":1,"minecraft:cobblestone":56833,"minecraft:nautilus_shell":3,"minecraft:enchanting_table":9,"minecraft:leather_chestplate":10,"minecraft:magma_cream":11,"minecraft:repeater":71,"minecraft:dead_tube_coral_fan":6,"minecraft:andesite":3411,"minecraft:golden_leggings":7,"minecraft:beacon":1,"minecraft:potato":3821,"minecraft:light_gray_dye":4,"minecraft:wither_skeleton_skull":1,"minecraft:lapis_lazuli":928,"minecraft:dirt":8029,"minecraft:cut_sandstone_slab":5,"minecraft:name_tag":2,"minecraft:leather_boots":4,"minecraft:glass":2055,"minecraft:bone":3508,"minecraft:bow":110,"minecraft:wheat_seeds":612,"minecraft:bell":2,"minecraft:grindstone":4,"minecraft:netherite_axe":4,"minecraft:mossy_stone_bricks":211,"minecraft:fletching_table":4,"minecraft:bamboo":2415,"minecraft:powered_rail":433,"mekanism:osmium_ore":12,"minecraft:stone_hoe":2,"minecraft:oak_planks":1211,"ironfurnaces:iron_furnace":9,"minecraft:ghast_tear":4,"minecraft:cooked_porkchop":47,"minecraft:poisonous_potato":26,"minecraft:black_stained_glass_pane":785,"minecraft:polished_blackstone_slab":85,"minecraft:jungle_planks":336,"minecraft:sand":70942,"minecraft:nether_brick_stairs":1,"minecraft:grass_block":11,"minecraft:jungle_slab":4,"minecraft:chiseled_sandstone":12,"minecraft:shulker_box":39,"minecraft:mossy_cobblestone":45,"minecraft:light_gray_concrete":95,"minecraft:light_gray_terracotta":4,"minecraft:spruce_fence_gate":167,"minecraft:diamond":135,"minecraft:sugar":1,"minecraft:slime_block":97,"minecraft:spruce_boat":26,"minecraft:black_concrete":1102,"waystones:waystone":19,"minecraft:cracked_polished_blackstone_bricks":2,"minecraft:crossbow":6,"minecraft:bone_meal":330,"minecraft:golden_apple":2,"minecraft:white_concrete":3,"minecraft:spruce_sign":400,"minecraft:emerald":915,"minecraft:oak_sapling":83,"minecraft:chorus_fruit":6,"minecraft:netherrack":17618,"minecraft:andesite_slab":18,"minecraft:nether_star":1,"minecraft:end_stone_bricks":5,"minecraft:charcoal":258,"minecraft:chicken":24,"minecraft:ladder":163,"minecraft:brown_mushroom":4,"minecraft:packed_ice":733,"refinedstorage:wireless_grid":1,"minecraft:wooden_pickaxe":5,"minecraft:gold_block":3,"minecraft:chain":2,"minecraft:shield":17,"minecraft:dragon_breath":22,"elevatorid:elevator_black":6,"minecraft:oak_trapdoor":2,"minecraft:iron_axe":79,"minecraft:wooden_sword":1,"minecraft:item_frame":12,"minecraft:blackstone":1435,"minecraft:oak_boat":10,"minecraft:observer":192,"mekanism:copper_ore":2,"minecraft:light_gray_wool":10,"minecraft:lectern":38,"minecraft:sugar_cane":7558,"minecraft:spruce_trapdoor":406,"minecraft:phantom_membrane":2,"minecraft:dark_oak_sapling":8,"minecraft:end_stone":1174,"minecraft:note_block":1,"minecraft:gray_dye":1,"minecraft:polished_blackstone_bricks":56,"minecraft:stone_button":8,"minecraft:iron_horse_armor":4,"minecraft:dark_oak_planks":245,"minecraft:smooth_sandstone_slab":3,"minecraft:arrow":11239,"minecraft:weeping_vines":1,"minecraft:pumpkin_pie":182,"minecraft:nether_bricks":103,"minecraft:saddle":12,"minecraft:netherite_boots":4,"minecraft:jungle_boat":10,"minecraft:basalt":419,"minecraft:golden_carrot":1694,"minecraft:crimson_stem":11,"minecraft:salmon":2,"minecraft:cut_sandstone":210,"minecraft:leather":205,"minecraft:birch_planks":469,"minecraft:chainmail_chestplate":3,"minecraft:nether_wart_block":30,"minecraft:yellow_bed":3,"minecraft:cobblestone_wall":149,"minecraft:gunpowder":2428,"minecraft:cobblestone_stairs":60,"minecraft:orange_terracotta":37,"minecraft:cooked_mutton":28,"minecraft:podzol":2,"minecraft:smooth_sandstone":2550,"minecraft:rabbit_hide":4,"minecraft:spruce_wood":136,"minecraft:iron_ingot":3339,"minecraft:soul_sand":45,"minecraft:book":101,"minecraft:scaffolding":5944,"minecraft:oak_slab":1,"minecraft:nether_quartz_ore":199,"minecraft:emerald_block":22,"minecraft:birch_boat":8,"minecraft:pumpkin":9,"minecraft:chiseled_stone_bricks":690,"minecraft:stone_brick_slab":83,"minecraft:quartz":354,"minecraft:dandelion":10,"minecraft:brain_coral_fan":1,"minecraft:lava_bucket":26,"minecraft:blast_furnace":6,"minecraft:white_bed":85,"minecraft:nether_brick_slab":2084,"minecraft:gold_ore":171,"minecraft:spider_eye":74,"refinedstorage:importer":1,"minecraft:pumpkin_seeds":769,"minecraft:dried_kelp_block":11,"minecraft:white_concrete_powder":38,"minecraft:iron_helmet":12,"mekanism:fluorite_gem":101,"ironfurnaces:emerald_furnace":2,"minecraft:black_wool":18,"minecraft:coal":3303},"minecraft:used":{"minecraft:jack_o_lantern":192,"minecraft:polished_blackstone":2,"minecraft:smooth_quartz_slab":673,"minecraft:dispenser":43,"minecraft:ladder":112,"minecraft:spruce_slab":1829,"minecraft:black_carpet":5733,"minecraft:chest":409,"minecraft:stone":420,"minecraft:quartz_stairs":18,"minecraft:rotten_flesh":51,"minecraft:soul_sand":24,"minecraft:snowball":2,"ironchest:iron_chest":122,"minecraft:spruce_boat":20,"minecraft:polished_blackstone_slab":70,"minecraft:jungle_sapling":3,"minecraft:packed_ice":23,"minecraft:lava_bucket":21,"minecraft:netherite_shovel":31,"minecraft:black_stained_glass_pane":427,"minecraft:grass_block":8,"minecraft:quartz_block":24,"minecraft:stone_brick_stairs":1,"ironfurnaces:iron_furnace":8,"minecraft:bow":1054,"minecraft:dark_oak_boat":3,"minecraft:cooked_cod":13,"minecraft:furnace":256,"minecraft:oak_sapling":1,"minecraft:egg":277,"minecraft:potato":489,"simplylight:illuminant_slab":48,"minecraft:diorite":269,"minecraft:end_stone_bricks":3,"minecraft:mossy_stone_bricks":11,"minecraft:red_stained_glass":232,"minecraft:powered_rail":652,"minecraft:blackstone_stairs":169,"minecraft:blackstone":159,"minecraft:cactus":5,"minecraft:wooden_pickaxe":29,"minecraft:jungle_boat":10,"minecraft:purpur_pillar":9,"minecraft:smooth_quartz_stairs":16,"elevatorid:elevator_white":20,"minecraft:golden_apple":1,"minecraft:sand":10907,"minecraft:cut_sandstone_slab":251,"minecraft:blast_furnace":1,"minecraft:blue_ice":4,"minecraft:gray_concrete":529,"minecraft:black_concrete_powder":2905,"minecraft:zombie_head":1,"minecraft:stone_button":6,"minecraft:lectern":27,"minecraft:diamond_ore":8,"minecraft:diamond_sword":2180,"minecraft:smithing_table":3,"minecraft:white_stained_glass":1001,"minecraft:birch_log":25,"minecraft:oak_boat":10,"ironchest:wood_to_iron_chest_upgrade":48,"minecraft:oak_trapdoor":4,"ironfurnaces:gold_furnace":8,"minecraft:iron_bars":188,"minecraft:enchanting_table":10,"minecraft:stone_sword":179,"minecraft:brain_coral_fan":1,"minecraft:carved_pumpkin":2,"minecraft:sandstone_wall":707,"minecraft:netherrack":4379,"minecraft:torch":1827,"minecraft:dragon_egg":1,"minecraft:brewing_stand":1,"minecraft:anvil":279,"elevatorid:elevator_black":8,"minecraft:nether_quartz_ore":146,"minecraft:nether_brick_slab":3001,"minecraft:nether_brick_stairs":16,"minecraft:polished_diorite":4,"minecraft:iron_block":340,"minecraft:iron_axe":1995,"minecraft:slime_block":127,"minecraft:smooth_quartz":1578,"minecraft:totem_of_undying":33,"minecraft:bamboo":2,"minecraft:glowstone":368,"minecraft:basalt":279,"minecraft:beef":1,"minecraft:dead_bubble_coral_fan":5,"minecraft:observer":108,"minecraft:horn_coral_fan":3,"minecraft:wheat_seeds":34,"minecraft:water_bucket":660,"minecraft:birch_planks":94,"ironchest:gold_to_diamond_chest_upgrade":19,"minecraft:lead":1,"minecraft:bubble_coral_fan":5,"minecraft:smooth_sandstone_slab":69,"minecraft:cauldron":3,"minecraft:fletching_table":3,"minecraft:spruce_fence_gate":130,"minecraft:rail":1671,"minecraft:mossy_cobblestone":5,"minecraft:comparator":7,"minecraft:tnt":2,"minecraft:crafting_table":74,"minecraft:cod":7,"minecraft:white_bed":69,"minecraft:lime_shulker_box":2,"minecraft:spruce_log":124,"minecraft:oak_log":5,"minecraft:oxeye_daisy":2,"minecraft:cornflower":3,"minecraft:ender_eye":40,"minecraft:diamond_pickaxe":132453,"minecraft:diamond_shovel":52271,"minecraft:iron_pickaxe":6517,"ironchest:diamond_to_obsidian_chest_upgrade":7,"minecraft:spruce_trapdoor":349,"minecraft:spruce_sapling":781,"minecraft:crimson_nylium":1,"minecraft:chiseled_stone_bricks":2074,"minecraft:cobblestone":2062,"minecraft:potion":1,"minecraft:cooked_porkchop":8,"minecraft:sandstone_slab":819,"minecraft:kelp":27,"minecraft:blue_terracotta":4,"minecraft:iron_shovel":6895,"minecraft:oak_sign":3,"minecraft:diamond_hoe":245,"minecraft:polished_basalt":1,"minecraft:white_concrete_powder":37,"minecraft:shield":43,"minecraft:nether_wart":23,"minecraft:iron_sword":1844,"minecraft:purple_shulker_box":8,"minecraft:smooth_sandstone_stairs":4,"minecraft:birch_pressure_plate":1,"minecraft:nether_bricks":14,"minecraft:carrot":600,"minecraft:obsidian":886,"minecraft:glass":2551,"minecraft:coal_ore":65,"minecraft:spruce_wood":127,"ironfurnaces:obsidian_furnace":2,"minecraft:lantern":226,"minecraft:gray_concrete_powder":789,"minecraft:hopper_minecart":23,"minecraft:item_frame":14,"minecraft:stone_bricks":821,"minecraft:repeater":124,"minecraft:magma_block":4291,"minecraft:scaffolding":4759,"pipez:item_pipe":291,"ironchest:obsidian_chest":9,"minecraft:tube_coral_fan":3,"minecraft:end_rod":1,"minecraft:dropper":1,"minecraft:wither_skeleton_skull":2,"minecraft:stone_pickaxe":412,"minecraft:oak_planks":265,"minecraft:ender_pearl":262,"minecraft:sandstone":13209,"minecraft:redstone_block":5,"minecraft:sugar_cane":1302,"minecraft:diamond_axe":4650,"minecraft:white_wool":12,"minecraft:melon_slice":10,"minecraft:bread":60,"minecraft:light_gray_concrete":153,"minecraft:daylight_detector":9,"minecraft:note_block":5,"minecraft:light_gray_terracotta":4,"minecraft:end_stone":368,"minecraft:blackstone_wall":42,"minecraft:shears":239,"minecraft:dark_oak_log":2,"minecraft:sticky_piston":74,"minecraft:redstone_torch":260,"waystones:waystone":27,"minecraft:lever":22,"minecraft:black_concrete":2975,"minecraft:firework_rocket":101,"minecraft:string":38,"ironchest:iron_to_gold_chest_upgrade":19,"minecraft:gravel":29,"minecraft:iron_door":4,"minecraft:blackstone_slab":81,"minecraft:jungle_sign":26,"minecraft:dead_horn_coral_fan":1,"minecraft:grindstone":3,"minecraft:cooked_rabbit":3,"minecraft:andesite":108,"minecraft:bone_meal":595,"minecraft:experience_bottle":2221,"minecraft:oak_fence":7,"minecraft:purpur_block":13,"minecraft:netherite_sword":479,"minecraft:flint_and_steel":100,"minecraft:redstone_ore":2,"minecraft:stone_shovel":213,"minecraft:redstone":460,"minecraft:spruce_planks":5994,"minecraft:ender_chest":9,"minecraft:stone_hoe":263,"minecraft:cooked_chicken":6,"minecraft:oak_door":7,"minecraft:dirt":3139,"minecraft:hopper":306,"minecraft:spruce_stairs":237,"minecraft:cobblestone_wall":33,"minecraft:shulker_box":41,"minecraft:granite":128,"minecraft:dark_oak_planks":288,"minecraft:stone_brick_slab":348,"minecraft:bookshelf":27,"minecraft:smooth_sandstone":8849,"minecraft:light_gray_wool":1,"minecraft:black_stained_glass":8,"minecraft:golden_carrot":762,"minecraft:emerald_block":113,"ironchest:gold_chest":2,"minecraft:minecart":78,"minecraft:netherite_pickaxe":1564,"minecraft:cooked_beef":52,"minecraft:pumpkin":195,"minecraft:turtle_egg":18,"minecraft:cooked_mutton":36,"minecraft:quartz_bricks":4,"minecraft:cobblestone_stairs":85,"minecraft:snow_block":6,"minecraft:glass_bottle":23,"minecraft:baked_potato":607,"minecraft:andesite_slab":142,"minecraft:cut_sandstone":215,"minecraft:birch_boat":7,"minecraft:spruce_sign":354,"minecraft:beacon":2,"minecraft:cobblestone_slab":9221,"minecraft:warped_roots":1,"minecraft:red_mushroom":3,"minecraft:light_gray_concrete_powder":1036,"minecraft:piston":50,"minecraft:activator_rail":8,"minecraft:netherite_axe":246,"minecraft:stone_slab":189,"minecraft:stone_axe":183,"ironfurnaces:emerald_furnace":2,"minecraft:white_banner":3,"minecraft:bucket":704,"minecraft:pumpkin_pie":8,"minecraft:yellow_bed":3,"minecraft:sea_pickle":4,"minecraft:splash_potion":8},"minecraft:killed":{"minecraft:cave_spider":6,"minecraft:shulker":11,"minecraft:skeleton":718,"minecraft:chicken":16,"minecraft:magma_cube":68,"minecraft:salmon":2,"minecraft:iron_golem":9,"minecraft:pillager":17,"minecraft:zombie":96,"minecraft:cow":84,"minecraft:evoker":2,"minecraft:endermite":2,"minecraft:vindicator":7,"minecraft:horse":2,"goblintraders:goblin_trader":13,"minecraft:husk":73,"minecraft:rabbit":4,"minecraft:wandering_trader":3,"minecraft:ravager":1,"goblintraders:vein_goblin_trader":4,"minecraft:enderman":25,"minecraft:zombified_piglin":5,"minecraft:witch":3,"minecraft:spider":83,"minecraft:wither":1,"minecraft:silverfish":27,"minecraft:piglin":30,"minecraft:pig":10,"minecraft:zombie_villager":3,"minecraft:creeper":31,"minecraft:sheep":20,"minecraft:trader_llama":8,"minecraft:ghast":11,"minecraft:blaze":36,"minecraft:vex":5,"minecraft:slime":1145,"minecraft:phantom":1,"minecraft:drowned":19,"minecraft:bat":1,"minecraft:hoglin":30,"minecraft:squid":17,"minecraft:wither_skeleton":34,"minecraft:villager":8},"minecraft:killed_by":{"minecraft:piglin_brute":2,"minecraft:pillager":1,"minecraft:ravager":8,"minecraft:vindicator":10,"minecraft:zombie":6,"minecraft:vex":10,"minecraft:husk":14,"minecraft:wolf":2,"minecraft:ender_dragon":4,"minecraft:slime":4,"minecraft:wither":1,"minecraft:wither_skeleton":1,"minecraft:creeper":10,"minecraft:drowned":3,"minecraft:piglin":4,"minecraft:player":7,"minecraft:spider":1,"minecraft:enderman":9,"minecraft:iron_golem":2,"minecraft:hoglin":8,"minecraft:skeleton":13},"minecraft:custom":{"minecraft:interact_with_crafting_table":786,"goblintraders:trade_with_goblin":105,"minecraft:leave_game":181,"minecraft:time_since_death":406145,"minecraft:damage_blocked_by_shield":1911,"minecraft:deaths":159,"minecraft:jump":130541,"minecraft:enchant_item":22,"minecraft:interact_with_furnace":941,"minecraft:traded_with_villager":23611,"minecraft:sleep_in_bed":829,"minecraft:waystone_activated":27,"minecraft:damage_dealt":266932,"minecraft:inspect_dispenser":138,"minecraft:horse_one_cm":2425493,"minecraft:interact_with_smithing_table":15,"minecraft:inspect_dropper":44,"minecraft:interact_with_anvil":176,"minecraft:inspect_hopper":334,"minecraft:sneak_time":1403280,"minecraft:interact_with_blast_furnace":1,"minecraft:tune_noteblock":21,"minecraft:interact_with_stonecutter":3,"minecraft:time_since_rest":9979,"minecraft:swim_one_cm":9282,"minecraft:fly_one_cm":28887257,"minecraft:open_chest":9472,"minecraft:fall_one_cm":3094496,"minecraft:animals_bred":41,"minecraft:open_shulker_box":318,"minecraft:sprint_one_cm":13674651,"minecraft:drop":2304,"minecraft:play_noteblock":5,"minecraft:talked_to_villager":742,"minecraft:interact_with_brewingstand":9,"minecraft:walk_on_water_one_cm":1892714,"minecraft:play_one_minute":16068341,"minecraft:open_enderchest":419,"minecraft:interact_with_beacon":20,"minecraft:player_kills":6,"minecraft:crouch_one_cm":4627056,"minecraft:mob_kills":2743,"minecraft:fill_cauldron":1,"minecraft:climb_one_cm":1808616,"minecraft:walk_one_cm":57464044,"minecraft:raid_win":1,"minecraft:walk_under_water_one_cm":1455412,"minecraft:boat_one_cm":953672,"minecraft:interact_with_grindstone":6,"minecraft:damage_taken":162585,"minecraft:damage_absorbed":812,"minecraft:minecart_one_cm":18089,"minecraft:aviate_one_cm":85566243},"minecraft:mined":{"minecraft:dark_oak_planks":186,"minecraft:dragon_wall_head":2,"minecraft:cut_sandstone_slab":3,"minecraft:blackstone_stairs":103,"minecraft:white_bed":57,"minecraft:jungle_leaves":15,"minecraft:obsidian":1122,"minecraft:carved_pumpkin":190,"minecraft:granite":3473,"minecraft:jungle_log":65,"minecraft:horn_coral_fan":2,"minecraft:hopper":107,"minecraft:oxeye_daisy":2,"minecraft:nether_wart":3,"minecraft:chiseled_stone_bricks":255,"minecraft:spawner":1,"minecraft:weeping_vines_plant":2,"minecraft:polished_blackstone_bricks":1,"minecraft:tall_seagrass":19,"minecraft:magma_block":8479,"minecraft:sticky_piston":39,"minecraft:fire":41,"minecraft:pumpkin":10,"minecraft:fletching_table":3,"minecraft:nether_brick_stairs":2,"minecraft:enchanting_table":9,"minecraft:oak_sign":3,"minecraft:light_gray_concrete":1093,"minecraft:spruce_wood":126,"minecraft:white_banner":1,"minecraft:iron_block":166,"minecraft:tripwire":4,"minecraft:piston_head":3,"minecraft:cut_sandstone":212,"minecraft:sandstone_slab":35,"mekanism:osmium_ore":10,"minecraft:kelp_plant":1,"minecraft:crimson_nylium":77,"ironfurnaces:iron_furnace":10,"minecraft:torch":290,"minecraft:note_block":1,"minecraft:blast_furnace":2,"minecraft:dead_bush":29,"mekanism:tin_ore":12,"minecraft:nether_brick_slab":1863,"minecraft:spruce_wall_sign":139,"minecraft:glass":925,"minecraft:smooth_quartz_slab":413,"minecraft:tube_coral_fan":2,"minecraft:lime_shulker_box":1,"minecraft:sugar_cane":1583,"minecraft:smooth_sandstone_slab":3,"minecraft:spruce_sign":4,"minecraft:chain":1,"minecraft:repeater":36,"minecraft:black_concrete_powder":1,"minecraft:wheat":40,"minecraft:lilac":1,"minecraft:stone_brick_stairs":9,"minecraft:infested_mossy_stone_bricks":4,"ironfurnaces:obsidian_furnace":1,"minecraft:grass":263,"minecraft:oak_fence_gate":1,"minecraft:smooth_quartz":1414,"minecraft:sandstone_wall":355,"minecraft:red_mushroom_block":182,"minecraft:piston":30,"minecraft:mossy_cobblestone":45,"minecraft:dark_oak_log":1,"minecraft:jack_o_lantern":24,"minecraft:end_stone":1053,"minecraft:shulker_box":36,"minecraft:nether_bricks":34,"minecraft:birch_fence_gate":1,"minecraft:jungle_planks":16,"minecraft:crimson_roots":8,"minecraft:redstone_wire":255,"minecraft:kelp":12,"minecraft:horn_coral_wall_fan":4,"minecraft:horn_coral":1,"minecraft:black_stained_glass_pane":33,"minecraft:redstone_ore":433,"mekanism:copper_ore":2,"minecraft:snow":64,"minecraft:andesite":3582,"simplylight:illuminant_slab":43,"minecraft:potatoes":1,"minecraft:vine":15,"minecraft:rail":453,"minecraft:cobblestone_slab":591,"minecraft:brain_coral_wall_fan":2,"ironchest:iron_chest":81,"minecraft:smooth_quartz_stairs":16,"minecraft:bamboo_sapling":1,"minecraft:bamboo":150,"minecraft:white_wool":7,"minecraft:ender_chest":5,"minecraft:smithing_table":4,"minecraft:redstone_block":3,"minecraft:gray_concrete":950,"minecraft:soul_sand":3,"minecraft:comparator":3,"minecraft:stone_brick_slab":44,"minecraft:observer":56,"minecraft:dandelion":1,"minecraft:smooth_sandstone":1927,"minecraft:cornflower":12,"minecraft:light_gray_concrete_powder":2,"minecraft:dead_tube_coral_wall_fan":2,"minecraft:warped_roots":4,"minecraft:brain_coral_fan":1,"minecraft:purpur_pillar":12,"minecraft:tall_grass":30,"minecraft:diorite":3363,"minecraft:black_stained_glass":6,"minecraft:stripped_spruce_wood":1,"minecraft:cobblestone_wall":28,"minecraft:spruce_log":1327,"minecraft:birch_leaves":5,"minecraft:zombie_head":1,"minecraft:gravel":1788,"minecraft:cobweb":39,"minecraft:polished_blackstone":2,"minecraft:spruce_fence_gate":25,"minecraft:stone_bricks":772,"minecraft:gold_ore":142,"elevatorid:elevator_black":6,"minecraft:infested_stone":1,"minecraft:spruce_planks":1811,"minecraft:attached_melon_stem":1,"minecraft:farmland":1,"minecraft:cobblestone_stairs":29,"minecraft:spruce_trapdoor":27,"minecraft:grass_block":2910,"minecraft:cracked_polished_blackstone_bricks":1,"minecraft:white_concrete":27,"minecraft:bubble_coral_fan":3,"minecraft:frosted_ice":1,"minecraft:sandstone_stairs":12,"minecraft:glowstone":73,"ironfurnaces:gold_furnace":9,"minecraft:iron_ore":1140,"minecraft:turtle_egg":30,"minecraft:anvil":39,"minecraft:black_carpet":346,"minecraft:iron_bars":101,"minecraft:end_stone_bricks":10,"minecraft:spruce_slab":299,"minecraft:quartz_block":24,"minecraft:blackstone":1271,"minecraft:orange_terracotta":38,"minecraft:purpur_stairs":8,"minecraft:clay":60,"minecraft:light_gray_terracotta":4,"minecraft:poppy":8,"minecraft:beacon":1,"minecraft:chest":186,"minecraft:mushroom_stem":29,"minecraft:cobblestone":1322,"minecraft:nether_quartz_ore":296,"ironfurnaces:emerald_furnace":2,"minecraft:slime_block":49,"minecraft:grindstone":3,"minecraft:oak_planks":225,"minecraft:wall_torch":86,"minecraft:iron_door":11,"minecraft:cauldron":2,"minecraft:seagrass":20,"minecraft:warped_nylium":34,"minecraft:blue_terracotta":4,"minecraft:powered_rail":53,"minecraft:nether_wart_block":13,"mekanism:fluorite_ore":18,"minecraft:birch_log":98,"minecraft:blue_ice":4,"minecraft:purpur_block":35,"ironchest:obsidian_chest":3,"minecraft:oak_log":284,"minecraft:sand":49892,"minecraft:dirt":5276,"minecraft:infested_cracked_stone_bricks":1,"minecraft:dispenser":18,"minecraft:netherrack":19953,"minecraft:ancient_debris":1,"minecraft:oak_leaves":108,"minecraft:daylight_detector":8,"minecraft:emerald_block":1,"minecraft:nether_gold_ore":263,"minecraft:diamond_ore":83,"minecraft:crying_obsidian":2,"minecraft:dark_oak_leaves":3,"minecraft:blackstone_wall":29,"minecraft:oak_door":2,"minecraft:red_stained_glass":37,"minecraft:lever":3,"minecraft:ladder":4,"minecraft:tube_coral_wall_fan":3,"minecraft:stone_button":3,"minecraft:weeping_vines":3,"minecraft:white_stained_glass":115,"minecraft:spruce_leaves":436,"minecraft:dead_horn_coral_wall_fan":2,"minecraft:sandstone":12663,"minecraft:oak_trapdoor":1,"minecraft:spruce_sapling":17,"minecraft:furnace":92,"minecraft:carrots":34,"minecraft:polished_basalt":1,"minecraft:chiseled_sandstone":11,"minecraft:stripped_spruce_log":1,"minecraft:black_concrete":3684,"minecraft:gold_block":2,"minecraft:nether_brick_fence":7,"minecraft:bookshelf":36,"minecraft:shroomlight":5,"minecraft:lantern":22,"minecraft:stripped_oak_log":1,"minecraft:packed_ice":563,"minecraft:stone":62090,"minecraft:redstone_wall_torch":24,"minecraft:podzol":211,"minecraft:scaffolding":1676,"minecraft:magenta_stained_glass":1,"minecraft:infested_stone_bricks":18,"minecraft:basalt":353,"pipez:item_pipe":56,"minecraft:oak_fence":13,"minecraft:crafting_table":55,"minecraft:blackstone_slab":73,"minecraft:andesite_slab":9,"minecraft:lectern":28,"minecraft:stone_slab":10,"minecraft:quartz_bricks":4,"minecraft:lapis_ore":87,"minecraft:lily_pad":24,"minecraft:polished_blackstone_brick_stairs":1,"minecraft:spruce_stairs":214,"minecraft:birch_planks":163,"minecraft:cactus":5,"minecraft:lime_bed":2,"minecraft:sea_pickle":12,"minecraft:polished_blackstone_slab":56,"minecraft:redstone_torch":58,"minecraft:white_wall_banner":1,"minecraft:yellow_bed":3,"elevatorid:elevator_white":12,"minecraft:coal_ore":1843,"minecraft:dead_brain_coral_wall_fan":1,"minecraft:end_rod":2,"minecraft:bubble_coral_wall_fan":7,"minecraft:purple_shulker_box":7,"minecraft:cracked_stone_bricks":168,"minecraft:dead_bubble_coral_wall_fan":5,"minecraft:mossy_stone_bricks":257}},"DataVersion":2586}