{"stats":{"minecraft:used":{"minecraft:poppy":19,"minecraft:black_carpet":2085,"minecraft:chest":12,"minecraft:stone":94,"minecraft:rotten_flesh":40,"minecraft:soul_sand":3,"minecraft:quartz_block":1,"minecraft:bow":627,"minecraft:dark_oak_boat":1,"minecraft:furnace":22,"minecraft:cooked_cod":7,"minecraft:egg":3,"minecraft:potato":121,"minecraft:diorite":63,"minecraft:chorus_fruit":2,"minecraft:wooden_pickaxe":93,"minecraft:purpur_pillar":5,"minecraft:golden_apple":1,"minecraft:sand":143,"minecraft:black_concrete_powder":3,"minecraft:birch_fence":8,"minecraft:chiseled_sandstone":3,"minecraft:nether_wart_block":3,"minecraft:diamond_sword":453,"minecraft:wooden_sword":50,"minecraft:birch_log":1,"minecraft:stone_sword":163,"minecraft:cooked_salmon":12,"minecraft:netherrack":162,"minecraft:torch":533,"minecraft:warped_wart_block":2,"minecraft:anvil":1,"minecraft:iron_axe":1510,"minecraft:totem_of_undying":28,"minecraft:bamboo":13,"minecraft:basalt":27,"minecraft:orange_terracotta":3,"minecraft:wheat_seeds":32,"minecraft:water_bucket":48,"minecraft:birch_planks":134,"minecraft:lead":5,"minecraft:mossy_cobblestone":3,"minecraft:crafting_table":33,"minecraft:white_bed":9,"minecraft:spruce_log":3,"minecraft:diamond_pickaxe":5320,"minecraft:cornflower":6,"minecraft:oxeye_daisy":3,"minecraft:diamond_shovel":263,"minecraft:iron_pickaxe":1414,"minecraft:suspicious_stew":4,"minecraft:spruce_sapling":87,"minecraft:cobblestone":503,"minecraft:potion":3,"minecraft:cooked_porkchop":11,"minecraft:porkchop":12,"minecraft:iron_shovel":763,"minecraft:diamond_hoe":21,"minecraft:shield":108,"minecraft:iron_sword":526,"minecraft:mutton":7,"minecraft:jungle_planks":17,"minecraft:nether_bricks":29,"minecraft:carrot":994,"minecraft:obsidian":34,"minecraft:golden_sword":32,"minecraft:scaffolding":2,"minecraft:beetroot_seeds":4,"minecraft:end_rod":1,"minecraft:wither_skeleton_skull":1,"minecraft:stone_pickaxe":465,"minecraft:oak_planks":142,"minecraft:ender_pearl":17,"minecraft:sandstone":49,"minecraft:diamond_axe":209,"minecraft:sugar_cane":10,"minecraft:white_wool":6,"minecraft:crossbow":1,"minecraft:redstone_torch":3,"minecraft:firework_rocket":4,"minecraft:birch_fence_gate":1,"minecraft:bread":36,"minecraft:melon_slice":43,"minecraft:brown_wool":1,"minecraft:string":2,"minecraft:gravel":14,"minecraft:andesite":25,"minecraft:bone_meal":69,"minecraft:golden_pickaxe":1,"minecraft:experience_bottle":51,"minecraft:oak_fence":31,"minecraft:purpur_block":1,"minecraft:flint_and_steel":89,"minecraft:spruce_planks":33,"minecraft:cooked_chicken":6,"minecraft:dirt":278,"minecraft:granite":21,"minecraft:iron_hoe":253,"minecraft:wooden_axe":82,"minecraft:golden_carrot":132,"minecraft:minecart":20,"minecraft:cooked_beef":15,"minecraft:turtle_egg":1,"minecraft:cooked_mutton":36,"minecraft:iron_ore":2,"minecraft:baked_potato":65,"minecraft:black_wool":1,"minecraft:stone_axe":329,"minecraft:white_banner":3,"minecraft:bucket":49,"minecraft:pumpkin_pie":106,"minecraft:gray_wool":1,"minecraft:splash_potion":2,"minecraft:birch_stairs":6},"minecraft:killed":{"minecraft:cave_spider":13,"minecraft:cod":35,"minecraft:shulker":11,"minecraft:skeleton":73,"minecraft:chicken":12,"minecraft:magma_cube":18,"minecraft:salmon":20,"minecraft:iron_golem":3,"minecraft:pillager":39,"minecraft:zombie":84,"minecraft:cow":3,"minecraft:evoker":3,"minecraft:endermite":1,"minecraft:vindicator":16,"minecraft:husk":31,"minecraft:ravager":3,"minecraft:enderman":6,"minecraft:zombified_piglin":5,"minecraft:witch":5,"minecraft:spider":15,"minecraft:bee":3,"minecraft:piglin_brute":4,"minecraft:wolf":1,"minecraft:piglin":21,"minecraft:pig":17,"minecraft:zombie_villager":3,"minecraft:strider":1,"minecraft:creeper":8,"minecraft:sheep":37,"minecraft:ghast":6,"minecraft:blaze":32,"minecraft:vex":4,"minecraft:slime":1,"minecraft:phantom":1,"minecraft:drowned":8,"minecraft:hoglin":2,"minecraft:wither_skeleton":33,"minecraft:villager":23},"minecraft:custom":{"minecraft:interact_with_crafting_table":212,"minecraft:bell_ring":2,"minecraft:leave_game":15,"minecraft:time_since_death":42314,"minecraft:damage_blocked_by_shield":4690,"minecraft:deaths":122,"minecraft:jump":23137,"minecraft:enchant_item":2,"minecraft:interact_with_furnace":258,"minecraft:traded_with_villager":397,"minecraft:sleep_in_bed":13,"minecraft:waystone_activated":9,"minecraft:damage_dealt":89437,"minecraft:inspect_dispenser":2,"minecraft:horse_one_cm":2026506,"minecraft:interact_with_anvil":16,"minecraft:inspect_hopper":6,"minecraft:sneak_time":22248,"minecraft:time_since_rest":44827,"minecraft:swim_one_cm":295175,"minecraft:fly_one_cm":6010094,"minecraft:open_chest":1132,"minecraft:fall_one_cm":577570,"minecraft:animals_bred":7,"minecraft:sprint_one_cm":5002951,"minecraft:drop":493,"minecraft:talked_to_villager":230,"minecraft:interact_with_brewingstand":4,"minecraft:walk_on_water_one_cm":235056,"minecraft:play_one_minute":1885640,"minecraft:open_enderchest":13,"minecraft:player_kills":5,"minecraft:crouch_one_cm":75690,"minecraft:mob_kills":631,"minecraft:climb_one_cm":22812,"minecraft:walk_one_cm":6129408,"minecraft:raid_win":1,"minecraft:walk_under_water_one_cm":190224,"minecraft:boat_one_cm":800,"minecraft:raid_trigger":1,"minecraft:damage_taken":75907,"minecraft:damage_absorbed":1104,"minecraft:minecart_one_cm":75057,"minecraft:aviate_one_cm":10214232},"minecraft:killed_by":{"minecraft:piglin_brute":2,"minecraft:pillager":3,"minecraft:ravager":7,"minecraft:vindicator":20,"minecraft:zombie":11,"minecraft:vex":13,"minecraft:husk":4,"minecraft:shulker":1,"minecraft:wither":1,"minecraft:ghast":1,"minecraft:zombified_piglin":2,"minecraft:wither_skeleton":1,"minecraft:creeper":16,"minecraft:drowned":1,"minecraft:piglin":1,"minecraft:cave_spider":2,"minecraft:witch":1,"minecraft:player":5,"minecraft:enderman":8,"minecraft:hoglin":1,"minecraft:skeleton":16},"minecraft:picked_up":{"minecraft:wooden_axe":16,"minecraft:iron_chestplate":21,"minecraft:chainmail_boots":2,"minecraft:suspicious_stew":3,"minecraft:diamond_sword":9,"minecraft:lead":49,"minecraft:wither_rose":3,"minecraft:enchanted_book":18,"minecraft:golden_sword":1,"minecraft:music_disc_cat":1,"minecraft:string":500,"minecraft:cooked_salmon":22,"minecraft:diamond_leggings":21,"minecraft:gold_nugget":259,"minecraft:spruce_planks":183,"minecraft:melon_slice":335,"minecraft:golden_helmet":20,"minecraft:purpur_pillar":6,"minecraft:acacia_log":3,"minecraft:sandstone_wall":80,"minecraft:stone_sword":22,"minecraft:polished_basalt":2,"minecraft:iron_block":4,"minecraft:bookshelf":3,"minecraft:end_rod":1,"minecraft:blaze_rod":36,"minecraft:birch_log":173,"minecraft:feather":27,"minecraft:cooked_beef":385,"minecraft:water_bucket":2,"minecraft:jungle_log":20,"mekanism:fluorite_ore":8,"minecraft:brown_wool":2,"minecraft:dark_oak_boat":1,"minecraft:flint":24,"minecraft:diamond_helmet":19,"minecraft:glowstone_dust":9,"minecraft:warped_wart_block":10,"minecraft:stripped_spruce_log":8,"minecraft:ink_sac":5,"minecraft:blue_terracotta":5,"minecraft:black_concrete_powder":614,"minecraft:granite":191,"minecraft:golden_horse_armor":4,"minecraft:bread":28,"minecraft:diamond_pickaxe":47,"minecraft:crimson_roots":5,"minecraft:crafting_table":10,"minecraft:clay_ball":364,"minecraft:dragon_head":6,"minecraft:purpur_block":25,"minecraft:cornflower":6,"minecraft:elytra":24,"minecraft:flint_and_steel":22,"minecraft:iron_shovel":25,"minecraft:beef":45,"minecraft:jungle_sapling":1,"minecraft:poppy":3,"minecraft:spruce_slab":231,"minecraft:minecart":30,"minecraft:chest":14,"minecraft:birch_sapling":15,"minecraft:diamond_hoe":4,"minecraft:egg":94,"minecraft:sandstone":1618,"minecraft:stone":755,"minecraft:oak_door":11,"minecraft:carrot":5509,"minecraft:redstone":1097,"minecraft:tnt":63,"minecraft:stone_shovel":2,"minecraft:diamond_chestplate":22,"minecraft:beetroot_seeds":12,"minecraft:shears":2,"minecraft:diamond_boots":22,"minecraft:hay_block":4,"minecraft:purpur_slab":1,"minecraft:gold_ingot":80,"minecraft:totem_of_undying":60,"minecraft:mutton":98,"minecraft:white_wool":64,"minecraft:rail":742,"minecraft:oxeye_daisy":16,"minecraft:lapis_ore":12,"minecraft:stripped_oak_log":1,"minecraft:jungle_fence":1,"minecraft:purpur_stairs":3,"minecraft:oak_log":419,"minecraft:golden_boots":6,"minecraft:white_banner":18,"minecraft:apple":2,"minecraft:kelp":37,"minecraft:warped_stem":1,"minecraft:stone_pickaxe":14,"minecraft:iron_ore":610,"minecraft:glass_bottle":11,"minecraft:iron_sword":37,"minecraft:gravel":276,"minecraft:birch_stairs":6,"minecraft:spruce_sapling":121,"minecraft:spruce_log":1824,"minecraft:leather_helmet":2,"minecraft:firework_rocket":1045,"minecraft:diamond_shovel":18,"mekanism:uranium_ore":4,"minecraft:coal_ore":981,"minecraft:stone_axe":59,"minecraft:diamond_axe":15,"minecraft:redstone_ore":14,"minecraft:gray_wool":5,"minecraft:warped_roots":3,"minecraft:baked_potato":107,"minecraft:melon_seeds":8,"minecraft:crimson_nylium":32,"minecraft:ender_pearl":36,"minecraft:shulker_shell":3,"minecraft:black_carpet":2937,"minecraft:wheat":590,"minecraft:nether_brick_fence":1,"minecraft:potion":8,"minecraft:gilded_blackstone":1,"minecraft:iron_leggings":30,"minecraft:experience_bottle":26,"minecraft:activator_rail":14,"minecraft:smooth_stone":2,"minecraft:bucket":5,"minecraft:redstone_torch":7,"minecraft:iron_pickaxe":35,"minecraft:iron_boots":19,"minecraft:furnace":20,"minecraft:stick":9295,"minecraft:oak_fence":264,"minecraft:torch":439,"minecraft:porkchop":136,"minecraft:diorite":1853,"minecraft:nether_gold_ore":65,"minecraft:cactus":8,"minecraft:rotten_flesh":522,"minecraft:obsidian":48,"minecraft:cod":37,"minecraft:cobblestone":3937,"minecraft:leather_chestplate":1,"minecraft:magma_cream":25,"minecraft:andesite":147,"minecraft:potato":276,"minecraft:wither_skeleton_skull":4,"minecraft:dirt":2326,"minecraft:lapis_lazuli":265,"minecraft:name_tag":17,"minecraft:leather_boots":1,"minecraft:bone":831,"minecraft:bow":134,"minecraft:wheat_seeds":1090,"minecraft:fletching_table":1,"minecraft:bamboo":13,"minecraft:oak_planks":2725,"minecraft:cooked_porkchop":23,"minecraft:sand":1918,"minecraft:jungle_planks":269,"minecraft:grass_block":6,"minecraft:chiseled_sandstone":7,"minecraft:mossy_cobblestone":18,"minecraft:diamond":24,"minecraft:cracked_polished_blackstone_bricks":13,"minecraft:crossbow":19,"minecraft:bone_meal":76,"minecraft:golden_apple":1,"minecraft:emerald":1046,"minecraft:oak_sapling":11,"minecraft:netherrack":637,"minecraft:chorus_fruit":17,"minecraft:end_stone_bricks":1,"minecraft:charcoal":64,"minecraft:chicken":14,"minecraft:wooden_pickaxe":26,"minecraft:gold_block":2,"minecraft:diamond_horse_armor":2,"minecraft:shield":32,"minecraft:iron_axe":219,"minecraft:wooden_sword":11,"minecraft:birch_fence":39,"minecraft:blackstone":12,"minecraft:light_gray_wool":1,"minecraft:sugar_cane":358,"minecraft:phantom_membrane":1,"minecraft:bowl":6,"minecraft:polished_blackstone_bricks":127,"minecraft:iron_horse_armor":13,"minecraft:stone_pressure_plate":2,"minecraft:arrow":7122,"minecraft:pumpkin_pie":470,"minecraft:nether_bricks":99,"minecraft:saddle":40,"minecraft:basalt":33,"minecraft:golden_carrot":723,"minecraft:crimson_stem":5,"minecraft:salmon":28,"minecraft:cut_sandstone":24,"minecraft:leather":163,"minecraft:birch_planks":493,"minecraft:yellow_bed":1,"minecraft:nether_wart_block":5,"minecraft:gunpowder":1171,"minecraft:wooden_hoe":1,"minecraft:orange_terracotta":7,"minecraft:cooked_mutton":69,"minecraft:smooth_sandstone":16,"minecraft:iron_ingot":1183,"minecraft:cooked_chicken":1,"minecraft:soul_sand":2,"minecraft:scaffolding":892,"minecraft:nether_quartz_ore":199,"minecraft:warped_fungus":3,"minecraft:pumpkin":2,"minecraft:quartz":65,"minecraft:blast_furnace":2,"minecraft:white_bed":27,"minecraft:nether_brick_slab":5,"minecraft:gold_ore":108,"minecraft:spider_eye":31,"minecraft:pumpkin_seeds":28,"minecraft:iron_helmet":20,"minecraft:black_wool":12,"minecraft:coal":1333},"minecraft:dropped":{"minecraft:iron_sword":4,"minecraft:porkchop":15,"minecraft:lapis_lazuli":37,"minecraft:cooked_beef":60,"minecraft:glass_bottle":2,"minecraft:cooked_porkchop":7,"minecraft:crossbow":2,"minecraft:fletching_table":1,"minecraft:saddle":3,"minecraft:purpur_stairs":3,"minecraft:elytra":5,"minecraft:rail":443,"minecraft:emerald":193,"minecraft:dirt":313,"minecraft:birch_fence":6,"minecraft:jungle_sapling":1,"minecraft:wooden_sword":3,"minecraft:bone_meal":65,"minecraft:phantom_membrane":1,"minecraft:sand":129,"minecraft:iron_pickaxe":3,"minecraft:white_wool":11,"minecraft:bone":27,"minecraft:oak_door":3,"minecraft:stone_axe":1,"minecraft:sugar_cane":6,"minecraft:black_carpet":631,"minecraft:birch_sapling":7,"minecraft:wheat":33,"minecraft:rotten_flesh":81,"minecraft:oak_planks":416,"minecraft:white_bed":9,"minecraft:coal_ore":1,"minecraft:charcoal":25,"minecraft:jungle_log":8,"minecraft:leather_boots":1,"minecraft:end_stone_bricks":1,"minecraft:beef":64,"minecraft:warped_wart_block":6,"minecraft:egg":8,"minecraft:enchanted_book":3,"minecraft:golden_boots":3,"minecraft:iron_ingot":71,"minecraft:wheat_seeds":73,"minecraft:book":1,"minecraft:oak_fence":32,"minecraft:purpur_slab":1,"minecraft:iron_helmet":3,"minecraft:feather":3,"minecraft:cobblestone":950,"minecraft:apple":1,"minecraft:granite":47,"minecraft:coal":39,"minecraft:gray_wool":1,"minecraft:ink_sac":2,"minecraft:wooden_axe":3,"minecraft:diamond_helmet":4,"minecraft:potion":1,"minecraft:white_banner":2,"minecraft:iron_shovel":3,"minecraft:string":38,"minecraft:spruce_sapling":115,"minecraft:purpur_pillar":1,"minecraft:stone_sword":6,"minecraft:stone_shovel":1,"minecraft:chicken":7,"minecraft:iron_boots":1,"minecraft:name_tag":2,"minecraft:pumpkin_seeds":20,"minecraft:blast_furnace":1,"minecraft:hay_block":1,"minecraft:stone":70,"minecraft:spruce_planks":108,"minecraft:diamond_pickaxe":6,"minecraft:redstone_torch":2,"minecraft:stone_pressure_plate":1,"minecraft:spider_eye":3,"minecraft:sandstone":385,"minecraft:bow":8,"minecraft:stripped_spruce_wood":3,"minecraft:black_wool":1,"minecraft:diamond_axe":4,"minecraft:warped_fungus":1,"minecraft:oak_log":30,"minecraft:baked_potato":8,"minecraft:ender_pearl":1,"minecraft:jungle_fence":1,"minecraft:leather":14,"minecraft:jungle_planks":204,"minecraft:iron_horse_armor":2,"minecraft:mutton":3,"minecraft:cut_sandstone":8,"minecraft:pumpkin_pie":97,"minecraft:birch_log":2,"minecraft:gold_ingot":29,"minecraft:gravel":65,"minecraft:purpur_block":4,"minecraft:diamond_shovel":2,"minecraft:cooked_mutton":9,"minecraft:carrot":76,"minecraft:sandstone_wall":48,"minecraft:shulker_shell":3,"minecraft:leather_chestplate":1,"minecraft:gunpowder":29,"minecraft:beetroot_seeds":4,"minecraft:melon_seeds":4,"minecraft:chest":1,"minecraft:basalt":5,"minecraft:arrow":350,"minecraft:scaffolding":2,"minecraft:firework_rocket":218,"minecraft:bread":15,"minecraft:golden_helmet":3,"minecraft:mossy_cobblestone":4,"minecraft:minecart":4,"minecraft:diamond_leggings":4,"minecraft:lead":1,"minecraft:activator_rail":1,"minecraft:grass_block":5,"minecraft:stick":335,"minecraft:diorite":132,"minecraft:torch":54,"minecraft:nether_wart_block":2,"minecraft:melon_slice":18,"minecraft:iron_leggings":4,"minecraft:iron_axe":16,"minecraft:redstone":209,"minecraft:dragon_head":1,"minecraft:light_gray_wool":1,"minecraft:totem_of_undying":8,"minecraft:shield":2,"minecraft:black_concrete_powder":116,"minecraft:diamond_chestplate":3,"minecraft:iron_chestplate":2,"minecraft:andesite":45,"minecraft:oak_sapling":4,"minecraft:diamond_boots":1,"minecraft:spruce_log":304,"minecraft:stone_pickaxe":4,"minecraft:wooden_pickaxe":6},"minecraft:mined":{"minecraft:dragon_wall_head":2,"minecraft:white_bed":15,"minecraft:obsidian":53,"minecraft:granite":45,"minecraft:acacia_log":4,"minecraft:purpur_slab":1,"minecraft:oxeye_daisy":3,"minecraft:spawner":2,"minecraft:polished_blackstone_bricks":57,"minecraft:tall_seagrass":1,"minecraft:fire":93,"minecraft:pumpkin":2,"minecraft:fletching_table":1,"minecraft:tripwire":1,"minecraft:cut_sandstone":8,"minecraft:brown_mushroom":1,"minecraft:kelp_plant":1,"minecraft:crimson_nylium":19,"minecraft:torch":16,"minecraft:blast_furnace":1,"minecraft:melon":52,"minecraft:dead_bush":1,"minecraft:nether_brick_slab":3,"minecraft:sugar_cane":185,"minecraft:black_concrete_powder":1,"minecraft:wheat":29,"minecraft:warped_fungus":1,"minecraft:grass":396,"minecraft:sandstone_wall":1,"minecraft:mossy_cobblestone":7,"minecraft:nether_bricks":93,"minecraft:jungle_planks":1,"minecraft:crimson_roots":3,"minecraft:redstone_ore":39,"minecraft:andesite":62,"minecraft:rail":208,"minecraft:bamboo":1,"minecraft:white_wool":3,"minecraft:soul_sand":2,"minecraft:cornflower":2,"minecraft:purpur_pillar":7,"minecraft:tall_grass":60,"minecraft:diorite":124,"minecraft:warped_wart_block":4,"mekanism:uranium_ore":4,"minecraft:spruce_log":52,"minecraft:birch_leaves":1,"minecraft:jungle_fence":1,"minecraft:gravel":141,"minecraft:cobweb":93,"minecraft:gold_ore":70,"minecraft:stone_pressure_plate":1,"minecraft:spruce_planks":6,"minecraft:farmland":65,"minecraft:grass_block":82,"minecraft:cracked_polished_blackstone_bricks":10,"minecraft:gilded_blackstone":1,"minecraft:smooth_stone":2,"minecraft:iron_ore":282,"minecraft:black_carpet":107,"minecraft:end_stone_bricks":1,"minecraft:blackstone":17,"minecraft:orange_terracotta":4,"minecraft:clay":13,"minecraft:chest":4,"minecraft:nether_quartz_ore":161,"minecraft:cobblestone":69,"minecraft:oak_planks":428,"minecraft:wall_torch":13,"minecraft:seagrass":3,"minecraft:blue_terracotta":1,"minecraft:nether_wart_block":3,"mekanism:fluorite_ore":2,"minecraft:birch_log":31,"minecraft:activator_rail":6,"minecraft:tnt":9,"minecraft:purpur_block":5,"minecraft:oak_log":176,"minecraft:sand":537,"minecraft:dirt":225,"minecraft:netherrack":624,"minecraft:oak_leaves":34,"minecraft:nether_gold_ore":97,"minecraft:weeping_vines":1,"minecraft:spruce_leaves":9,"minecraft:sandstone":3036,"minecraft:crimson_stem":4,"minecraft:hay_block":4,"minecraft:spruce_sapling":7,"minecraft:furnace":8,"minecraft:carrots":624,"minecraft:polished_basalt":1,"minecraft:chiseled_sandstone":3,"minecraft:stripped_spruce_log":3,"minecraft:gold_block":2,"minecraft:nether_brick_fence":1,"minecraft:bookshelf":3,"minecraft:stripped_oak_log":1,"minecraft:chorus_plant":2,"minecraft:stone":1231,"minecraft:scaffolding":1,"minecraft:basalt":34,"minecraft:oak_fence":34,"minecraft:crafting_table":4,"minecraft:lapis_ore":13,"minecraft:birch_planks":61,"minecraft:redstone_torch":3,"minecraft:white_wall_banner":1,"minecraft:yellow_bed":1,"minecraft:black_wool":1,"minecraft:coal_ore":566,"minecraft:end_rod":1,"minecraft:birch_fence":1},"minecraft:broken":{"minecraft:iron_chestplate":1,"minecraft:golden_sword":1,"minecraft:iron_sword":2,"minecraft:iron_hoe":1,"minecraft:stone_sword":1,"minecraft:shield":1,"minecraft:iron_axe":7,"minecraft:iron_pickaxe":4,"minecraft:iron_helmet":1,"minecraft:golden_helmet":3,"minecraft:iron_shovel":3,"minecraft:golden_leggings":1,"minecraft:stone_pickaxe":1,"minecraft:stone_axe":4,"minecraft:wooden_axe":1,"minecraft:diamond_chestplate":2},"minecraft:crafted":{"minecraft:diamond_shovel":1,"minecraft:potato":66,"minecraft:cooked_mutton":46,"minecraft:quartz_block":1,"minecraft:diamond_helmet":2,"minecraft:diamond_leggings":3,"minecraft:birch_fence_gate":1,"minecraft:cooked_rabbit":1,"minecraft:emerald":346,"minecraft:cooked_porkchop":36,"minecraft:wooden_hoe":1,"minecraft:iron_pickaxe":10,"minecraft:iron_block":3,"minecraft:gold_ingot":92,"minecraft:birch_stairs":8,"minecraft:experience_bottle":21,"minecraft:bone_meal":523,"minecraft:stone_pickaxe":8,"minecraft:diamond_boots":3,"minecraft:wheat":27,"minecraft:enchanted_book":3,"minecraft:wooden_axe":5,"minecraft:iron_shovel":1,"minecraft:iron_leggings":4,"minecraft:white_bed":4,"minecraft:oak_planks":1024,"minecraft:cooked_chicken":8,"minecraft:bow":1,"minecraft:iron_boots":5,"minecraft:chest":6,"minecraft:golden_boots":1,"minecraft:crafting_table":27,"minecraft:spruce_planks":1868,"minecraft:baked_potato":6,"minecraft:wooden_pickaxe":8,"minecraft:iron_helmet":3,"minecraft:turtle_egg":1,"minecraft:birch_planks":584,"minecraft:charcoal":64,"minecraft:paper":81,"minecraft:iron_chestplate":4,"minecraft:diamond_pickaxe":4,"minecraft:birch_fence":9,"minecraft:stick":4112,"minecraft:iron_ingot":307,"minecraft:stone_sword":5,"minecraft:shears":1,"minecraft:wooden_sword":3,"minecraft:redstone":14,"minecraft:coal":43,"minecraft:spruce_button":64,"minecraft:furnace":17,"minecraft:flint_and_steel":2,"minecraft:iron_axe":6,"minecraft:iron_hoe":1,"minecraft:cooked_beef":33,"minecraft:cooked_cod":26,"minecraft:diamond_sword":1,"minecraft:stripped_spruce_wood":3,"minecraft:iron_sword":3,"minecraft:smooth_sandstone":0,"minecraft:cooked_salmon":20,"minecraft:stone_axe":3,"minecraft:air":0,"minecraft:jungle_planks":16,"minecraft:anvil":1,"minecraft:acacia_planks":12,"minecraft:torch":504,"minecraft:firework_rocket":243,"minecraft:diamond_chestplate":3}},"DataVersion":2586}