{"stats":{"minecraft:broken":{"minecraft:golden_boots":1,"minecraft:iron_axe":8,"minecraft:iron_pickaxe":7,"minecraft:iron_shovel":9,"minecraft:stone_axe":3,"minecraft:stone_shovel":2},"minecraft:mined":{"minecraft:dragon_wall_head":14,"minecraft:white_bed":35,"minecraft:jungle_leaves":532,"minecraft:obsidian":289,"minecraft:granite":713,"minecraft:jungle_log":613,"minecraft:purpur_slab":1,"minecraft:hopper":46,"minecraft:crimson_fungus":4,"minecraft:nether_wart":18,"minecraft:weeping_vines_plant":3,"minecraft:polished_blackstone_bricks":2,"minecraft:tall_seagrass":63,"minecraft:magma_block":456,"refinedstorage:crafting_grid":6,"minecraft:sticky_piston":1,"minecraft:fire":89,"ironchest:gold_chest":12,"minecraft:fletching_table":10,"minecraft:nether_brick_stairs":1,"minecraft:enchanting_table":5,"minecraft:tripwire":2,"minecraft:jungle_trapdoor":4,"minecraft:piston_head":2,"minecraft:brown_mushroom":13,"minecraft:cut_sandstone":20,"mekanism:osmium_ore":175,"minecraft:kelp_plant":5,"minecraft:crimson_nylium":69,"minecraft:soul_fire":1,"mekanism:block_salt":4,"ironfurnaces:iron_furnace":1,"minecraft:torch":123,"minecraft:blast_furnace":29,"minecraft:melon":30,"refinedstorage:importer":19,"minecraft:dead_bush":11,"mekanism:tin_ore":110,"minecraft:nether_brick_slab":4,"minecraft:spruce_wall_sign":6,"minecraft:glass":676,"minecraft:lime_shulker_box":25,"minecraft:sugar_cane":560,"minecraft:spruce_sign":3,"mekanism:advanced_pressurized_tube":13,"minecraft:repeater":3,"minecraft:wheat":29,"mekanism:advanced_fluid_tank":4,"minecraft:warped_fungus":10,"minecraft:stone_brick_stairs":1,"minecraft:infested_mossy_stone_bricks":1,"refinedstorage:wireless_transmitter":1,"ironfurnaces:obsidian_furnace":4,"minecraft:grass":383,"mekanism:lead_ore":25,"minecraft:oak_fence_gate":1,"minecraft:dark_oak_sapling":2,"minecraft:red_mushroom_block":2,"minecraft:stonecutter":9,"refinedstorage:crafting_monitor":3,"minecraft:piston":2,"refinedstorage:network_transmitter":6,"minecraft:dark_prismarine":37,"minecraft:mossy_cobblestone":11,"mekanismgenerators:solar_generator":3,"minecraft:dark_oak_log":10,"minecraft:sea_lantern":5,"minecraft:end_stone":602,"minecraft:shulker_box":94,"refinedstorage:exporter":16,"minecraft:birch_fence_gate":1,"minecraft:nether_bricks":117,"minecraft:jungle_planks":15,"minecraft:crimson_roots":2,"minecraft:redstone_wire":10,"minecraft:kelp":5,"minecraft:redstone_ore":231,"mekanism:copper_ore":44,"minecraft:jungle_sapling":6,"refinedstorage:pattern_grid":3,"minecraft:andesite":665,"minecraft:vine":90,"minecraft:rail":18,"mekanismgenerators:gas_burning_generator":18,"minecraft:warped_stem":8,"ironchest:iron_chest":51,"minecraft:bamboo_sapling":6,"minecraft:bamboo":351,"minecraft:bone_block":185,"minecraft:ender_chest":1,"minecraft:smithing_table":23,"mekanism:crusher":3,"minecraft:soul_sand":96,"minecraft:stone_brick_slab":1,"minecraft:dandelion":9,"minecraft:smooth_sandstone":55,"minecraft:cornflower":1,"minecraft:prismarine_slab":1,"mekanism:elite_energy_cube":11,"minecraft:sponge":6,"minecraft:warped_roots":20,"minecraft:purpur_pillar":14,"minecraft:tall_grass":38,"minecraft:diorite":1003,"minecraft:warped_wart_block":50,"refinedstorage:destructor":2,"mekanism:uranium_ore":63,"mekanism:pressurized_reaction_chamber":1,"minecraft:prismarine_brick_slab":3,"minecraft:spruce_log":136,"minecraft:birch_leaves":3,"minecraft:gravel":711,"minecraft:spruce_fence_gate":3,"mekanism:electric_pump":2,"minecraft:stone_bricks":81,"minecraft:gold_ore":95,"minecraft:chipped_anvil":2,"minecraft:infested_stone":5,"minecraft:spruce_planks":217,"mekanism:ultimate_energy_cube":7,"minecraft:farmland":2,"mekanism:advanced_universal_cable":2,"minecraft:cobblestone_stairs":1,"mekanism:advanced_mechanical_pipe":4,"minecraft:brewing_stand":107,"minecraft:spruce_trapdoor":17,"minecraft:grass_block":688,"minecraft:cracked_polished_blackstone_bricks":1,"minecraft:soul_soil":19,"minecraft:polished_blackstone_brick_slab":2,"minecraft:frosted_ice":3,"minecraft:composter":26,"fluxnetworks:basic_flux_storage":3,"minecraft:glowstone":115,"minecraft:iron_ore":155,"minecraft:turtle_egg":9,"mekanism:digital_miner":52,"minecraft:black_carpet":17,"minecraft:anvil":3,"minecraft:iron_bars":19,"mekanism:advanced_energy_cube":1,"minecraft:end_stone_bricks":21,"minecraft:green_bed":1,"minecraft:spruce_slab":4,"minecraft:blackstone":267,"fluxnetworks:flux_point":59,"minecraft:purpur_stairs":14,"minecraft:clay":4,"minecraft:beacon":4,"minecraft:chest":62,"minecraft:mushroom_stem":5,"minecraft:wither_skeleton_wall_skull":1,"minecraft:nether_quartz_ore":589,"minecraft:cobblestone":288,"minecraft:prismarine":60,"minecraft:grindstone":6,"minecraft:oak_planks":32,"minecraft:iron_door":2,"minecraft:wall_torch":36,"minecraft:seagrass":21,"minecraft:warped_nylium":17,"mekanismgenerators:advanced_solar_generator":15,"minecraft:powered_rail":3,"minecraft:nether_wart_block":11,"mekanism:fluorite_ore":171,"minecraft:birch_log":47,"ironchest:diamond_chest":4,"minecraft:tnt":1,"minecraft:purpur_block":43,"ironchest:obsidian_chest":2,"minecraft:oak_log":60,"minecraft:sand":10877,"minecraft:dirt":490,"ironfurnaces:heater":1,"refinedstorage:controller":1,"minecraft:netherrack":10429,"mekanism:basic_universal_cable":21,"minecraft:wither_skeleton_skull":1,"minecraft:ancient_debris":21,"minecraft:oak_leaves":216,"minecraft:nether_gold_ore":282,"minecraft:diamond_ore":118,"minecraft:crying_obsidian":5,"minecraft:dark_oak_leaves":78,"minecraft:lever":1,"minecraft:stone_button":2,"minecraft:brown_mushroom_block":6,"minecraft:spruce_leaves":52,"refinedstorage:cable":27,"minecraft:sandstone":5376,"minecraft:crimson_stem":11,"minecraft:hay_block":85,"minecraft:spruce_sapling":9,"minecraft:furnace":5,"minecraft:carrots":1007,"minecraft:nether_sprouts":10,"minecraft:stripped_spruce_log":2,"minecraft:black_concrete":6,"ironfurnaces:netherite_furnace":1,"minecraft:gold_block":12,"minecraft:bell":2,"minecraft:nether_brick_fence":6,"minecraft:bookshelf":203,"minecraft:shroomlight":1,"minecraft:lantern":7,"minecraft:stripped_jungle_log":1,"minecraft:wet_sponge":12,"minecraft:chorus_plant":4,"minecraft:stone":13915,"minecraft:jungle_fence_gate":4,"minecraft:podzol":1,"mekanism:elite_universal_cable":73,"minecraft:scaffolding":15,"minecraft:magenta_stained_glass":9,"minecraft:infested_stone_bricks":2,"minecraft:basalt":591,"pipez:item_pipe":149,"minecraft:crafting_table":15,"minecraft:lectern":43,"minecraft:stone_slab":1,"minecraft:lapis_ore":1,"mekanism:metallurgic_infuser":9,"minecraft:prismarine_bricks":147,"minecraft:birch_planks":12,"minecraft:cactus":4,"minecraft:lime_bed":8,"fluxnetworks:flux_plug":4,"minecraft:redstone_torch":4,"refinedstorage:network_receiver":5,"minecraft:bee_nest":1,"minecraft:yellow_bed":1,"elevatorid:elevator_white":4,"minecraft:coal_ore":498,"minecraft:cocoa":11,"autocrafter:autocrafter":1,"minecraft:end_rod":24,"minecraft:purple_shulker_box":8,"minecraft:cracked_stone_bricks":2,"minecraft:mossy_stone_bricks":2,"minecraft:dark_oak_planks":33,"mekanismgenerators:wind_generator":14},"minecraft:dropped":{"minecraft:clay":1,"minecraft:iron_sword":1,"minecraft:porkchop":29,"minecraft:lapis_lazuli":31,"minecraft:cooked_beef":7,"minecraft:chorus_fruit":25,"minecraft:crossbow":2,"minecraft:warped_roots":1,"minecraft:cracked_stone_bricks":3,"minecraft:quartz_pillar":64,"minecraft:rail":18,"minecraft:elytra":7,"minecraft:leather_helmet":2,"minecraft:red_mushroom":1,"minecraft:emerald":445,"minecraft:dirt":127,"minecraft:stone_button":4,"minecraft:bone_meal":9,"minecraft:bone_block":32,"minecraft:sand":3163,"minecraft:sugar":1,"minecraft:iron_pickaxe":4,"minecraft:dark_oak_planks":2,"minecraft:dark_oak_boat":1,"minecraft:white_wool":7,"minecraft:bone":7,"minecraft:stone_axe":80,"minecraft:ancient_debris":192,"minecraft:golden_chestplate":1,"mekanism:digital_miner":1,"minecraft:rotten_flesh":31,"minecraft:oak_planks":5,"minecraft:end_stone":123,"minecraft:white_bed":2,"minecraft:tipped_arrow":30,"refinedstorage:wireless_grid":2,"minecraft:quartz_block":209,"minecraft:hopper":47,"minecraft:leather_boots":1,"minecraft:leather_leggings":1,"minecraft:spruce_slab":1,"minecraft:glass":144,"minecraft:crying_obsidian":1,"minecraft:egg":17,"mekanism:fluorite_gem":72,"minecraft:enchanted_book":7,"minecraft:golden_boots":6,"minecraft:iron_ingot":399,"minecraft:wheat_seeds":21,"minecraft:feather":1,"minecraft:iron_helmet":2,"minecraft:cobblestone":222,"minecraft:book":1,"minecraft:apple":2,"minecraft:granite":33,"minecraft:golden_apple":1,"minecraft:turtle_egg":32,"minecraft:golden_carrot":412,"minecraft:diamond_helmet":11,"minecraft:dead_bush":3,"minecraft:white_banner":1,"minecraft:jungle_boat":1,"minecraft:chainmail_leggings":1,"minecraft:string":64,"minecraft:smooth_sandstone":146,"minecraft:lily_pad":22,"minecraft:spruce_sapling":61,"minecraft:furnace":4,"minecraft:stone_sword":2,"minecraft:green_bed":1,"minecraft:experience_bottle":437,"minecraft:chicken":1,"minecraft:shears":1,"minecraft:diamond_sword":5,"minecraft:potato":807,"pipez:item_pipe":20,"minecraft:spruce_boat":2,"minecraft:stone":569,"minecraft:spruce_trapdoor":210,"minecraft:spruce_planks":542,"minecraft:diamond_pickaxe":9,"minecraft:stone_bricks":64,"minecraft:sandstone":499,"minecraft:bow":14,"minecraft:magma_block":2572,"minecraft:soul_sand":40,"minecraft:brown_mushroom":6,"minecraft:diamond_axe":6,"minecraft:baked_potato":153,"minecraft:ender_pearl":64,"minecraft:leather":2,"minecraft:jungle_planks":40,"minecraft:polished_blackstone_brick_wall":34,"minecraft:flint":11,"mekanism:copper_ore":1,"minecraft:dark_oak_log":1,"minecraft:packed_ice":192,"minecraft:cornflower":3,"minecraft:crimson_roots":6,"mekanism:upgrade_speed":4,"minecraft:pumpkin_pie":96,"minecraft:birch_log":55,"minecraft:gold_ingot":16,"minecraft:gravel":76,"minecraft:purpur_block":8,"minecraft:blackstone":122,"minecraft:diamond_shovel":2,"minecraft:carrot":3883,"minecraft:shulker_shell":1,"minecraft:poppy":5649,"minecraft:gunpowder":8,"minecraft:glowstone":2,"minecraft:chest":15,"minecraft:chainmail_boots":13,"minecraft:powered_rail":3,"minecraft:arrow":600,"minecraft:iron_ore":8,"minecraft:iron_bars":14,"minecraft:scaffolding":34,"minecraft:quartz":4,"minecraft:written_book":1,"minecraft:netherrack":1219,"minecraft:splash_potion":1,"minecraft:firework_rocket":312,"minecraft:water_bucket":1,"minecraft:bread":50,"minecraft:golden_helmet":1,"minecraft:mossy_cobblestone":1,"minecraft:bookshelf":2,"minecraft:diamond_leggings":8,"minecraft:stick":100,"minecraft:diorite":18,"minecraft:milk_bucket":1,"minecraft:nether_gold_ore":28,"minecraft:torch":4,"minecraft:green_dye":1,"minecraft:iron_leggings":11,"minecraft:iron_axe":4,"minecraft:bucket":49,"minecraft:redstone":1055,"minecraft:kelp":1,"minecraft:blaze_rod":12,"ironfurnaces:item_heater":1,"minecraft:shulker_box":4,"minecraft:flint_and_steel":1,"minecraft:shield":15,"minecraft:diamond_chestplate":7,"minecraft:dragon_egg":1,"minecraft:iron_chestplate":4,"minecraft:andesite":113,"minecraft:golden_sword":2,"minecraft:diamond_boots":12,"minecraft:spruce_log":320,"minecraft:purple_shulker_box":1,"minecraft:stone_pickaxe":73,"minecraft:nether_quartz_ore":8},"minecraft:picked_up":{"mekanism:ultimate_energy_cube":7,"minecraft:seagrass":4,"minecraft:iron_chestplate":9,"refinedstorage:speed_upgrade":16,"mekanism:dust_osmium":4,"minecraft:anvil":5,"minecraft:prismarine_shard":109,"minecraft:lead":2,"minecraft:smithing_table":23,"minecraft:stone_slab":1,"minecraft:diamond_sword":8,"minecraft:wither_rose":4,"minecraft:enchanted_book":4,"minecraft:purple_shulker_box":8,"refinedstorage:controller":2,"minecraft:brewing_stand":107,"minecraft:golden_sword":5,"minecraft:string":578,"minecraft:soul_soil":2,"minecraft:cooked_salmon":15,"minecraft:shroomlight":1,"minecraft:beetroot":4,"minecraft:diamond_leggings":19,"mekanism:upgrade_speed":4,"minecraft:gold_nugget":4333,"mekanism:basic_universal_cable":21,"minecraft:spruce_planks":738,"minecraft:melon_slice":156,"refinedstorage:64k_storage_disk":1,"minecraft:diamond_ore":17,"minecraft:golden_helmet":4,"minecraft:polished_blackstone_brick_slab":2,"minecraft:composter":26,"mekanism:tin_ore":116,"minecraft:purpur_pillar":12,"minecraft:green_bed":1,"ironchest:gold_chest":12,"ironchest:diamond_chest":4,"refinedstorage:disk_drive":1,"minecraft:golden_chestplate":1,"minecraft:stone_sword":9,"minecraft:iron_block":55,"minecraft:glowstone":84,"minecraft:bookshelf":24,"minecraft:end_rod":22,"minecraft:blaze_rod":81,"mekanism:lead_ore":25,"minecraft:iron_bars":16,"minecraft:sponge":2,"minecraft:birch_log":157,"minecraft:magma_block":649,"minecraft:feather":10,"minecraft:cooked_beef":41,"minecraft:water_bucket":4,"minecraft:iron_door":2,"minecraft:jungle_log":1163,"mekanism:fluorite_ore":159,"minecraft:dark_oak_boat":17,"minecraft:flint":145,"minecraft:netherite_leggings":6,"refinedstorage:network_card":5,"minecraft:lantern":20,"minecraft:gray_concrete_powder":3,"ironfurnaces:item_heater":3,"minecraft:chipped_anvil":2,"minecraft:stonecutter":9,"minecraft:diamond_helmet":19,"minecraft:glowstone_dust":111,"pipez:filter_destination_tool":1,"mekanism:metallurgic_infuser":9,"minecraft:warped_wart_block":44,"minecraft:birch_fence_gate":1,"minecraft:stripped_spruce_log":2,"minecraft:ink_sac":198,"minecraft:dark_oak_log":95,"minecraft:black_concrete_powder":260,"ironfurnaces:heater":1,"refinedstorage:wireless_transmitter":1,"minecraft:lever":2,"minecraft:granite":716,"mekanism:advanced_mechanical_pipe":4,"mekanism:advanced_energy_cube":1,"minecraft:bread":155,"minecraft:crimson_roots":9,"minecraft:diamond_pickaxe":38,"minecraft:crafting_table":25,"minecraft:nether_wart":160,"minecraft:clay_ball":16,"minecraft:leather_leggings":1,"mekanism:alloy_infused":2,"minecraft:dragon_head":15,"minecraft:purpur_block":46,"minecraft:cornflower":4,"minecraft:jungle_trapdoor":4,"minecraft:elytra":36,"minecraft:flint_and_steel":2,"mekanism:pressurized_reaction_chamber":1,"pipez:advanced_upgrade":7,"minecraft:iron_shovel":2,"refinedstorage:crafting_grid":7,"refinedstorage:exporter":16,"minecraft:cracked_stone_bricks":5,"refinedstorage:crafting_monitor":4,"minecraft:netherite_sword":6,"minecraft:beef":36,"minecraft:jungle_sapling":79,"minecraft:poppy":295,"minecraft:spruce_slab":770,"minecraft:minecart":9,"minecraft:chest":61,"minecraft:birch_sapling":8,"minecraft:piston":2,"autocrafter:autocrafter":1,"minecraft:egg":109,"minecraft:lime_shulker_box":26,"refinedstorage:silicon":2,"minecraft:sandstone":6021,"minecraft:stone":5536,"pipez:item_pipe":147,"ironchest:iron_chest":67,"minecraft:fire_charge":1,"minecraft:jungle_fence_gate":4,"mekanism:elite_universal_cable":73,"minecraft:carrot":5557,"minecraft:redstone":2221,"minecraft:prismarine_crystals":85,"minecraft:jungle_sign":1,"minecraft:tnt":1,"mekanism:crusher":3,"ironfurnaces:obsidian_furnace":5,"minecraft:diamond_chestplate":20,"minecraft:cooked_cod":1,"minecraft:beetroot_seeds":12,"minecraft:diamond_boots":26,"minecraft:purpur_slab":1,"minecraft:hay_block":85,"minecraft:gold_ingot":55,"minecraft:totem_of_undying":5,"minecraft:mutton":27,"minecraft:white_wool":23,"minecraft:bone_block":423,"minecraft:rail":19,"minecraft:oxeye_daisy":2,"mekanism:electric_pump":2,"minecraft:lime_bed":8,"mekanismgenerators:gas_burning_generator":18,"minecraft:red_mushroom":2,"minecraft:purpur_stairs":12,"minecraft:oak_log":154,"minecraft:lily_pad":22,"minecraft:ancient_debris":22,"minecraft:golden_boots":6,"minecraft:paper":28,"minecraft:white_banner":9,"pipez:basic_upgrade":5,"minecraft:apple":70,"minecraft:stone_bricks":141,"minecraft:kelp":20,"minecraft:warped_stem":14,"minecraft:oak_fence_gate":1,"minecraft:stone_pickaxe":2,"minecraft:iron_ore":170,"minecraft:magenta_stained_glass":6,"minecraft:glass_bottle":64,"minecraft:iron_sword":11,"elevatorid:elevator_white":3,"minecraft:milk_bucket":18,"minecraft:gravel":770,"minecraft:spruce_sapling":534,"minecraft:spruce_log":6872,"minecraft:crying_obsidian":5,"minecraft:sea_lantern":5,"minecraft:dragon_egg":1,"minecraft:leather_helmet":1,"minecraft:firework_rocket":1105,"minecraft:diamond_shovel":10,"minecraft:coal_ore":258,"mekanism:uranium_ore":63,"minecraft:slime_ball":746,"mekanism:advanced_universal_cable":2,"minecraft:stone_axe":1,"minecraft:redstone_ore":22,"minecraft:diamond_axe":22,"minecraft:polished_blackstone_brick_wall":34,"minecraft:warped_roots":19,"minecraft:baked_potato":92,"refinedstorage:network_receiver":5,"minecraft:warped_nylium":23,"minecraft:crimson_nylium":75,"minecraft:hopper":54,"minecraft:ender_pearl":163,"minecraft:shulker_shell":42,"mekanism:advanced_pressurized_tube":13,"minecraft:wheat":346,"minecraft:black_carpet":21,"minecraft:nether_brick_fence":3,"minecraft:turtle_egg":49,"minecraft:potion":10,"minecraft:stone_brick_stairs":1,"minecraft:iron_leggings":6,"minecraft:sticky_piston":3,"minecraft:experience_bottle":330,"refinedstorage:network_transmitter":6,"minecraft:bucket":52,"minecraft:red_dye":1,"minecraft:redstone_torch":4,"minecraft:ender_eye":30,"minecraft:iron_pickaxe":13,"minecraft:iron_boots":6,"minecraft:furnace":18,"minecraft:stick":14808,"ironchest:obsidian_chest":1,"minecraft:torch":516,"minecraft:spruce_stairs":16,"minecraft:porkchop":72,"mekanism:advanced_fluid_tank":4,"minecraft:diorite":1061,"minecraft:vine":15,"mekanismgenerators:solar_generator":3,"fluxnetworks:basic_flux_storage":3,"pipez:wrench":1,"fluxnetworks:flux_plug":4,"minecraft:nether_gold_ore":170,"minecraft:cactus":59,"minecraft:rotten_flesh":3612,"mekanism:ingot_osmium":13,"minecraft:obsidian":359,"minecraft:cobblestone":8754,"minecraft:cod":142,"minecraft:blaze_powder":1,"mekanismgenerators:advanced_solar_generator":15,"minecraft:enchanting_table":5,"minecraft:leather_chestplate":2,"minecraft:repeater":3,"minecraft:magma_cream":6,"minecraft:andesite":643,"minecraft:golden_leggings":1,"minecraft:beacon":5,"minecraft:potato":2104,"minecraft:prismarine_bricks":146,"minecraft:wither_skeleton_skull":5,"minecraft:lapis_lazuli":92,"minecraft:dirt":1287,"minecraft:leather_boots":1,"minecraft:glass":649,"minecraft:bone":767,"minecraft:bow":26,"minecraft:wheat_seeds":1012,"minecraft:bell":2,"minecraft:grindstone":5,"minecraft:fletching_table":10,"minecraft:bamboo":4591,"minecraft:powered_rail":3,"mekanism:osmium_ore":190,"minecraft:prismarine":59,"minecraft:oak_planks":95,"ironfurnaces:iron_furnace":1,"minecraft:ghast_tear":8,"minecraft:cooked_porkchop":14,"minecraft:poisonous_potato":9,"minecraft:sand":22254,"minecraft:jungle_planks":105,"minecraft:nether_brick_stairs":1,"minecraft:grass_block":4,"minecraft:shulker_box":99,"minecraft:mossy_cobblestone":4,"minecraft:dark_prismarine":35,"minecraft:spruce_fence_gate":1,"mekanism:digital_miner":53,"minecraft:clay":1,"minecraft:sugar":2,"minecraft:diamond":248,"minecraft:spruce_boat":40,"minecraft:black_concrete":6,"minecraft:netherite_helmet":4,"waystones:waystone":35,"minecraft:crossbow":5,"minecraft:bone_meal":2,"minecraft:golden_apple":22,"minecraft:spruce_sign":8,"minecraft:emerald":560,"minecraft:oak_sapling":41,"minecraft:netherrack":10353,"minecraft:chorus_fruit":114,"minecraft:nether_star":1,"minecraft:end_stone_bricks":21,"fluxnetworks:flux_dust":789,"minecraft:charcoal":239,"minecraft:cocoa_beans":22,"refinedstorage:pattern_grid":4,"minecraft:splash_potion":1,"minecraft:chicken":13,"minecraft:ladder":2,"minecraft:brown_mushroom":19,"refinedstorage:wireless_grid":10,"minecraft:cooked_rabbit":4,"minecraft:gold_block":12,"minecraft:diamond_horse_armor":1,"minecraft:shield":11,"minecraft:dragon_breath":51,"minecraft:iron_axe":5,"minecraft:item_frame":11,"mekanism:ingot_uranium":22,"minecraft:blackstone":448,"minecraft:oak_boat":13,"mekanism:copper_ore":45,"minecraft:light_gray_wool":1,"minecraft:lectern":43,"minecraft:sugar_cane":1422,"minecraft:spruce_trapdoor":226,"minecraft:dark_oak_sapling":11,"minecraft:end_stone":761,"minecraft:polished_blackstone_bricks":2,"minecraft:stone_button":7,"minecraft:dark_oak_planks":97,"minecraft:arrow":1841,"minecraft:weeping_vines":1,"minecraft:pumpkin_pie":101,"minecraft:nether_bricks":108,"minecraft:saddle":1,"minecraft:wet_sponge":15,"minecraft:netherite_boots":7,"minecraft:prismarine_slab":1,"minecraft:jungle_boat":14,"minecraft:basalt":543,"minecraft:golden_carrot":1164,"minecraft:crimson_stem":11,"minecraft:leather":40,"minecraft:cut_sandstone":19,"minecraft:birch_planks":15,"minecraft:crimson_fungus":8,"minecraft:yellow_bed":1,"minecraft:nether_wart_block":10,"minecraft:gunpowder":501,"minecraft:cooked_mutton":18,"fluxnetworks:flux_point":59,"mekanism:salt":16,"refinedstorage:destructor":2,"minecraft:smooth_sandstone":556,"minecraft:rabbit_hide":2,"minecraft:spruce_wood":64,"minecraft:iron_ingot":323,"refinedstorage:cable":27,"minecraft:prismarine_brick_slab":5,"minecraft:soul_sand":1123,"minecraft:book":639,"minecraft:scaffolding":65,"minecraft:warped_fungus":13,"minecraft:nether_quartz_ore":393,"minecraft:birch_boat":14,"minecraft:quartz":937,"minecraft:dandelion":10,"refinedstorage:quartz_enriched_iron":6,"mekanism:ingot_tin":61,"minecraft:blast_furnace":30,"minecraft:white_bed":41,"minecraft:nether_brick_slab":4,"minecraft:gold_ore":100,"minecraft:spider_eye":28,"refinedstorage:importer":19,"mekanismgenerators:wind_generator":15,"mekanism:elite_energy_cube":11,"minecraft:iron_helmet":6,"mekanism:fluorite_gem":193,"minecraft:coal":733,"ironfurnaces:netherite_furnace":1},"minecraft:crafted":{"pipez:basic_upgrade":31,"minecraft:black_dye":192,"pipez:wrench":1,"ironfurnaces:item_heater":3,"minecraft:jungle_fence_gate":9,"mekanismgenerators:solar_generator":8,"mekanism:digital_miner":1,"mekanism:configurator":1,"fluxnetworks:flux_plug":2,"minecraft:blaze_powder":120,"pipez:improved_upgrade":19,"mekanism:electrolytic_separator":4,"pipez:item_pipe":80,"waystones:waystone":7,"mekanism:advanced_energy_cube":4,"ironfurnaces:iron_furnace":1,"minecraft:lever":1,"mekanism:logistical_sorter":2,"minecraft:diamond_shovel":23,"minecraft:bookshelf":195,"ironfurnaces:diamond_furnace":1,"refinedstorage:64k_storage_part":9,"minecraft:cooked_mutton":4,"minecraft:shulker_box":16,"minecraft:quartz_block":337,"minecraft:glass":1317,"minecraft:repeater":2,"minecraft:diamond_helmet":17,"minecraft:diamond_leggings":19,"refinedstorage:crafting_grid":4,"extradisks:advanced_storage_housing":1,"minecraft:melon_seeds":10,"minecraft:birch_fence_gate":3,"refinedstorage:grid":17,"mekanism:elite_universal_cable":64,"minecraft:stone_pressure_plate":4,"refinedstorage:network_receiver":1,"minecraft:tipped_arrow":30,"refinedstorage:network_transmitter":1,"minecraft:iron_door":3,"refinedstorage:processor_binding":1536,"minecraft:name_tag":4,"mekanism:energy_tablet":125,"refinedstorage:raw_advanced_processor":105,"minecraft:glass_bottle":24,"ironfurnaces:heater":2,"minecraft:emerald":15448,"minecraft:cooked_porkchop":20,"minecraft:diamond_axe":26,"minecraft:jungle_boat":3,"refinedstorage:storage_housing":1,"rsinfinitybooster:infinity_card":1,"minecraft:prismarine_bricks":1538,"minecraft:spruce_door":6,"minecraft:smithing_table":3,"minecraft:clock":13,"minecraft:fletching_table":2,"waystones:warp_stone":15,"minecraft:campfire":29,"mekanism:advanced_pressurized_tube":32,"mekanism:teleportation_core":2,"minecraft:lectern":5,"naturescompass:naturescompass":1,"fluxnetworks:herculean_flux_storage":1,"minecraft:stone_slab":6,"mekanism:dictionary":1,"minecraft:compass":20,"minecraft:iron_pickaxe":7,"minecraft:iron_block":1193,"minecraft:gold_ingot":529,"minecraft:sandstone":64,"refinedstorage:importer":23,"mekanism:osmium_compressor":1,"mekanism:advanced_fluid_tank":1,"minecraft:netherite_ingot":11,"refinedstorage:machine_casing":43,"minecraft:composter":7,"minecraft:spruce_fence_gate":145,"refinedstorage:wireless_grid":2,"minecraft:dark_prismarine":192,"mekanism:advanced_universal_cable":96,"minecraft:packed_ice":411,"minecraft:nautilus_shell":18,"minecraft:honeycomb":129,"minecraft:jungle_sign":3,"minecraft:golden_carrot":1993,"minecraft:prismarine":2177,"refinedstorage:upgrade":85,"minecraft:stone_shovel":2,"minecraft:iron_nugget":126,"minecraft:experience_bottle":1520,"mekanism:basic_chemical_tank":8,"minecraft:bone_meal":303,"ironchest:gold_to_diamond_chest_upgrade":2,"mekanism:basic_pressurized_tube":32,"mekanism:robit":1,"refinedstorage:crafting_monitor":8,"ironfurnaces:emerald_furnace":1,"minecraft:lantern":78,"minecraft:polished_diorite":28,"refinedstorage:network_card":2,"minecraft:spruce_slab":24,"minecraft:ender_pearl":264,"minecraft:stone_pickaxe":71,"mekanism:electric_pump":1,"minecraft:diamond_boots":26,"minecraft:spruce_boat":10,"minecraft:redstone_block":61,"minecraft:jungle_fence":21,"minecraft:dark_oak_planks":424,"minecraft:chainmail_leggings":13,"minecraft:wheat":765,"mekanism:ultimate_energy_cube":2,"ironchest:gold_chest":11,"minecraft:light_gray_terracotta":128,"mekanism:dynamic_tank":8,"refinedstorage:destructor":1,"autocrafter:autocrafter":1,"refinedstorage:wireless_transmitter":2,"refinedstorage:raw_improved_processor":407,"minecraft:glowstone":93,"minecraft:enchanted_book":467,"minecraft:jungle_slab":18,"minecraft:oak_fence_gate":1,"ironchest:iron_to_gold_chest_upgrade":1,"minecraft:golden_apple":73,"minecraft:gunpowder":128,"minecraft:fermented_spider_eye":10,"refinedstorage:raw_basic_processor":487,"minecraft:chainmail_boots":13,"minecraft:writable_book":1,"minecraft:iron_shovel":7,"mekanism:basic_mechanical_pipe":32,"minecraft:iron_leggings":12,"mekanism:advanced_mechanical_pipe":32,"minecraft:white_bed":9,"minecraft:brick":120,"refinedstorage:stack_upgrade":1,"minecraft:grindstone":2,"minecraft:oak_planks":428,"minecraft:dark_oak_boat":2,"minecraft:cooked_chicken":1,"mekanism:electrolytic_core":12,"mekanismgenerators:gas_burning_generator":8,"refinedstorage:cable":156,"refinedstorage:controller":3,"refinedstorage:64k_storage_disk":3,"fluxnetworks:flux_point":9,"minecraft:quartz_pillar":192,"minecraft:suspicious_stew":6,"minecraft:warped_planks":4,"mekanism:basic_tier_installer":2,"mekanism:elite_energy_cube":4,"minecraft:hopper":228,"minecraft:honey_bottle":16,"minecraft:bow":18,"minecraft:iron_boots":1,"refinedstorage:4k_storage_part":85,"minecraft:comparator":5,"minecraft:chest":380,"refinedstorage:pattern_grid":3,"mekanism:basic_fluid_tank":1,"minecraft:chiseled_stone_bricks":64,"refinedstorage:disk_drive":3,"minecraft:stone_hoe":1,"minecraft:ender_eye":75,"minecraft:stone_bricks":256,"mekanism:advanced_crushing_factory":3,"minecraft:golden_boots":5,"fluxnetworks:flux_core":272,"minecraft:sea_lantern":778,"minecraft:dropper":10,"minecraft:oak_slab":36,"minecraft:arrow":2122,"minecraft:crafting_table":22,"minecraft:spruce_planks":13288,"minecraft:iron_helmet":8,"minecraft:kelp":1,"minecraft:baked_potato":308,"minecraft:turtle_egg":84,"refinedstorage:exporter":35,"ironfurnaces:obsidian_furnace":1,"minecraft:gold_block":1,"refinedstorage:crafting_upgrade":1,"minecraft:birch_planks":92,"refinedstorage:speed_upgrade":71,"ironchest:diamond_chest":2,"minecraft:prismarine_brick_slab":60,"minecraft:dispenser":4,"minecraft:tnt":128,"minecraft:spruce_trapdoor":458,"minecraft:book":16,"minecraft:iron_chestplate":4,"minecraft:purple_dye":188,"minecraft:paper":699,"minecraft:charcoal":357,"minecraft:diamond_pickaxe":39,"mekanism:steel_casing":31,"minecraft:shield":39,"minecraft:stick":17452,"mekanism:crusher":3,"minecraft:iron_ingot":13659,"minecraft:redstone_torch":64,"mekanism:basic_crushing_factory":3,"minecraft:sponge":36,"minecraft:shears":2,"refinedstorage:pattern":29,"minecraft:blue_terracotta":199,"pipez:advanced_upgrade":9,"minecraft:nether_wart":12,"minecraft:nether_brick_slab":48,"minecraft:redstone":4891,"mekanism:basic_universal_cable":96,"minecraft:fishing_rod":1,"mekanismgenerators:wind_generator":41,"ironfurnaces:gold_furnace":1,"minecraft:netherite_sword":1,"refinedstorage:16k_storage_part":28,"minecraft:spruce_button":1,"mekanism:pressurized_reaction_chamber":4,"minecraft:furnace":19,"minecraft:stone_button":1,"minecraft:piston":8,"mekanism:advanced_tier_installer":2,"minecraft:jungle_trapdoor":10,"refinedstorage:quartz_enriched_iron":2000,"minecraft:glass_pane":352,"refinedstorage:crafter":2,"refinedstorage:destruction_core":71,"minecraft:blue_ice":64,"minecraft:iron_axe":19,"mekanismgenerators:advanced_solar_generator":2,"mekanism:personal_chest":1,"minecraft:netherite_scrap":15,"refinedstorage:1k_storage_part":255,"minecraft:cooked_beef":16,"minecraft:sugar":405,"refinedstorage:wireless_crafting_monitor":5,"minecraft:red_dye":79,"minecraft:diamond_sword":3,"elevatorid:elevator_white":6,"minecraft:spruce_sign":12,"mekanism:metallurgic_infuser":4,"minecraft:purple_shulker_box":1,"minecraft:iron_sword":1,"refinedstorage:range_upgrade":7,"ironchest:copper_chest":4,"minecraft:bucket":108,"minecraft:stone_axe":93,"minecraft:air":0,"minecraft:bread":217,"minecraft:jungle_planks":1342,"mekanism:upgrade_speed":52,"minecraft:blue_dye":31,"minecraft:oak_boat":2,"minecraft:white_wool":64,"mekanism:basic_energy_cube":4,"minecraft:gold_nugget":0,"minecraft:white_dye":44,"mekanism:enrichment_chamber":5,"mekanism:upgrade_energy":30,"fluxnetworks:basic_flux_storage":9,"refinedstorage:construction_core":74,"extradisks:256k_storage_disk":2,"mekanism:advanced_control_circuit":12,"minecraft:anvil":7,"minecraft:pumpkin_pie":368,"minecraft:torch":1332,"fluxnetworks:flux_block":56,"minecraft:lapis_lazuli":269,"extradisks:256k_storage_part":2,"ironchest:iron_chest":14,"minecraft:diamond_chestplate":16,"minecraft:firework_rocket":1854,"mekanismgenerators:solar_panel":24},"minecraft:used":{"minecraft:writable_book":1,"refinedstorage:exporter":22,"minecraft:dispenser":4,"minecraft:spruce_slab":274,"minecraft:black_carpet":7,"minecraft:chest":134,"minecraft:stone":846,"minecraft:rotten_flesh":12,"mekanism:digital_miner":53,"fluxnetworks:flux_plug":6,"minecraft:soul_sand":586,"minecraft:cocoa_beans":22,"refinedstorage:wireless_transmitter":2,"ironchest:iron_chest":70,"minecraft:spruce_boat":38,"mekanism:advanced_fluid_tank":5,"minecraft:jungle_sapling":57,"mekanism:advanced_mechanical_pipe":14,"refinedstorage:network_transmitter":7,"minecraft:lava_bucket":17,"minecraft:jungle_fence_gate":12,"ironfurnaces:iron_furnace":1,"minecraft:bow":365,"minecraft:dark_oak_boat":17,"minecraft:furnace":8,"minecraft:oak_sapling":4,"mekanism:advanced_pressurized_tube":27,"mekanismgenerators:gas_burning_generator":26,"minecraft:egg":1191,"minecraft:potato":15,"mekanism:advanced_universal_cable":14,"minecraft:diorite":23,"minecraft:end_stone_bricks":5,"minecraft:spruce_door":2,"minecraft:prismarine":29,"minecraft:blackstone":6,"minecraft:composter":32,"minecraft:jungle_boat":15,"minecraft:purpur_pillar":5,"elevatorid:elevator_white":10,"minecraft:golden_apple":40,"minecraft:sand":4231,"mekanism:elite_universal_cable":140,"minecraft:blast_furnace":28,"mekanism:advanced_energy_cube":1,"minecraft:stone_button":4,"minecraft:lectern":43,"ironfurnaces:heater":3,"minecraft:diamond_ore":91,"minecraft:diamond_sword":1562,"mekanism:ultimate_energy_cube":9,"mekanismgenerators:solar_generator":3,"minecraft:smithing_table":26,"minecraft:oak_boat":11,"minecraft:iron_bars":2,"minecraft:enchanting_table":5,"refinedstorage:wireless_crafting_monitor":7,"minecraft:cooked_salmon":5,"minecraft:netherrack":2849,"minecraft:torch":1495,"minecraft:anvil":6,"minecraft:brewing_stand":104,"minecraft:warped_wart_block":2,"minecraft:nether_quartz_ore":147,"minecraft:nether_brick_slab":48,"minecraft:jungle_trapdoor":12,"mekanism:osmium_compressor":1,"minecraft:oak_fence_gate":2,"minecraft:sea_lantern":4,"minecraft:chipped_anvil":2,"minecraft:iron_block":225,"minecraft:iron_axe":951,"minecraft:jungle_log":212,"minecraft:totem_of_undying":9,"minecraft:prismarine_slab":43,"minecraft:melon_seeds":10,"minecraft:bamboo":610,"mekanism:upgrade_energy":9,"minecraft:glowstone":18,"minecraft:basalt":363,"refinedstorage:crafter":2,"minecraft:wheat_seeds":194,"minecraft:water_bucket":507,"minecraft:warped_stem":8,"minecraft:prismarine_brick_slab":65,"minecraft:birch_planks":70,"minecraft:gold_ore":2,"minecraft:spruce_fence_gate":136,"minecraft:fletching_table":12,"fluxnetworks:basic_flux_storage":3,"minecraft:polished_blackstone_bricks":2,"minecraft:vine":15,"refinedstorage:pattern_grid":6,"minecraft:tnt":129,"minecraft:crafting_table":24,"minecraft:white_bed":41,"minecraft:campfire":16,"minecraft:lime_shulker_box":24,"minecraft:spruce_log":27,"minecraft:oak_log":8,"minecraft:dark_prismarine":3,"minecraft:diamond_pickaxe":37662,"minecraft:cornflower":1,"minecraft:diamond_shovel":9126,"ironfurnaces:netherite_furnace":1,"minecraft:iron_pickaxe":2203,"refinedstorage:crafting_grid":9,"minecraft:spruce_sapling":136,"minecraft:spruce_trapdoor":152,"mekanism:fluorite_ore":11,"minecraft:cobblestone":839,"minecraft:cooked_porkchop":20,"minecraft:porkchop":7,"mekanism:dictionary":2,"minecraft:iron_shovel":2715,"minecraft:diamond_hoe":318,"minecraft:bone_block":1,"minecraft:shield":64,"minecraft:iron_sword":390,"minecraft:purple_shulker_box":8,"refinedstorage:crafting_monitor":6,"minecraft:jungle_planks":105,"minecraft:nether_bricks":30,"minecraft:carrot":1152,"mekanism:basic_universal_cable":21,"minecraft:obsidian":10,"mekanism:advanced_crushing_factory":3,"refinedstorage:controller":4,"minecraft:milk_bucket":14,"minecraft:glass":1802,"minecraft:coal_ore":38,"ironfurnaces:obsidian_furnace":6,"minecraft:lantern":44,"mekanismgenerators:wind_generator":55,"minecraft:warped_nylium":5,"autocrafter:autocrafter":1,"refinedstorage:importer":40,"minecraft:stone_bricks":163,"minecraft:repeater":4,"minecraft:magma_block":10571,"minecraft:warped_fungus":1,"pipez:item_pipe":282,"ironchest:obsidian_chest":1,"refinedstorage:disk_drive":3,"minecraft:dark_oak_sapling":7,"refinedstorage:destructor":2,"minecraft:end_rod":13,"minecraft:wither_skeleton_skull":5,"minecraft:stone_pickaxe":127,"minecraft:jungle_fence":19,"minecraft:oak_planks":112,"minecraft:ender_pearl":43,"minecraft:sandstone":284,"minecraft:sugar_cane":136,"minecraft:diamond_axe":1322,"minecraft:sponge":18,"minecraft:end_stone":278,"minecraft:shears":15,"minecraft:black_concrete":6,"minecraft:redstone_torch":4,"waystones:waystone":35,"minecraft:lever":2,"mekanism:crusher":3,"minecraft:firework_rocket":81,"minecraft:birch_fence_gate":4,"minecraft:bread":75,"mekanism:upgrade_speed":18,"mekanism:metallurgic_infuser":13,"minecraft:gravel":1,"minecraft:iron_door":5,"mekanismgenerators:advanced_solar_generator":17,"minecraft:jungle_sign":4,"minecraft:cooked_rabbit":4,"minecraft:andesite":9,"minecraft:grindstone":6,"minecraft:bone_meal":191,"minecraft:golden_pickaxe":78,"minecraft:experience_bottle":985,"minecraft:purpur_block":14,"minecraft:netherite_sword":98,"mekanism:enrichment_chamber":1,"mekanism:configurator":6,"minecraft:flint_and_steel":7,"minecraft:redstone_ore":182,"minecraft:stone_shovel":262,"minecraft:redstone":24,"minecraft:spruce_planks":255,"minecraft:stone_hoe":123,"minecraft:cooked_chicken":1,"minecraft:dirt":518,"ironchest:diamond_chest":6,"fluxnetworks:herculean_flux_storage":1,"minecraft:hopper":208,"minecraft:prismarine_bricks":34,"minecraft:shulker_box":92,"refinedstorage:network_card":4,"minecraft:granite":28,"minecraft:dark_oak_planks":64,"minecraft:bookshelf":220,"minecraft:smooth_sandstone":58,"minecraft:golden_carrot":485,"ironchest:gold_chest":21,"minecraft:minecart":7,"mekanism:electrolytic_separator":4,"minecraft:stone_pressure_plate":3,"minecraft:cooked_beef":9,"mekanism:pressurized_reaction_chamber":5,"refinedstorage:wireless_grid":11,"minecraft:cooked_mutton":20,"minecraft:iron_ore":1,"mekanism:electric_pump":3,"fluxnetworks:flux_point":67,"minecraft:glass_bottle":92,"minecraft:baked_potato":168,"minecraft:birch_boat":12,"minecraft:cut_sandstone":18,"minecraft:spruce_sign":10,"minecraft:beacon":5,"minecraft:stonecutter":7,"minecraft:lime_bed":8,"minecraft:warped_planks":3,"minecraft:nether_gold_ore":48,"minecraft:piston":2,"refinedstorage:cable":111,"refinedstorage:network_receiver":6,"mekanism:elite_energy_cube":13,"minecraft:stone_axe":697,"minecraft:crimson_fungus":1,"minecraft:bucket":564,"minecraft:pumpkin_pie":82,"minecraft:yellow_bed":2,"minecraft:splash_potion":10},"minecraft:killed":{"minecraft:shulker":61,"minecraft:skeleton":60,"minecraft:guardian":3,"minecraft:chicken":192,"minecraft:magma_cube":50,"minecraft:elder_guardian":3,"minecraft:iron_golem":1,"minecraft:pillager":32,"minecraft:zombie":46,"minecraft:cow":15,"minecraft:evoker":4,"minecraft:vindicator":13,"minecraft:endermite":1,"goblintraders:goblin_trader":28,"minecraft:husk":23,"minecraft:rabbit":1,"minecraft:wandering_trader":1,"minecraft:ravager":3,"goblintraders:vein_goblin_trader":2,"minecraft:enderman":30,"minecraft:witch":5,"minecraft:spider":22,"minecraft:wither":1,"minecraft:bee":1,"minecraft:silverfish":16,"minecraft:piglin":38,"minecraft:pig":11,"minecraft:zombie_villager":1,"minecraft:creeper":16,"minecraft:sheep":17,"minecraft:trader_llama":2,"minecraft:ghast":14,"minecraft:blaze":109,"minecraft:vex":7,"minecraft:slime":381,"minecraft:drowned":17,"minecraft:hoglin":14,"minecraft:squid":1,"minecraft:wither_skeleton":53,"minecraft:villager":4},"minecraft:custom":{"minecraft:interact_with_crafting_table":389,"goblintraders:trade_with_goblin":274,"minecraft:leave_game":211,"minecraft:time_since_death":41451,"minecraft:damage_blocked_by_shield":2160,"minecraft:deaths":38,"minecraft:jump":45442,"minecraft:enchant_item":32,"minecraft:interact_with_furnace":477,"minecraft:traded_with_villager":22781,"minecraft:sleep_in_bed":349,"minecraft:waystone_activated":34,"minecraft:damage_dealt":143991,"minecraft:inspect_dispenser":41,"minecraft:interact_with_smithing_table":12,"minecraft:interact_with_anvil":125,"minecraft:inspect_hopper":113,"minecraft:sneak_time":369287,"minecraft:interact_with_blast_furnace":1,"minecraft:interact_with_stonecutter":4,"minecraft:time_since_rest":39652,"minecraft:swim_one_cm":971463,"minecraft:fly_one_cm":9371076,"minecraft:open_chest":4783,"minecraft:fall_one_cm":1390149,"minecraft:animals_bred":90,"minecraft:open_shulker_box":274,"minecraft:sprint_one_cm":11542601,"minecraft:drop":1121,"minecraft:talked_to_villager":844,"minecraft:interact_with_brewingstand":57,"minecraft:walk_on_water_one_cm":524866,"minecraft:play_one_minute":6264269,"minecraft:open_enderchest":7,"minecraft:interact_with_beacon":18,"minecraft:player_kills":5,"minecraft:crouch_one_cm":1278566,"minecraft:mob_kills":1341,"minecraft:climb_one_cm":132565,"minecraft:walk_one_cm":18018768,"minecraft:raid_win":1,"minecraft:walk_under_water_one_cm":1531118,"minecraft:boat_one_cm":1134118,"minecraft:interact_with_grindstone":6,"minecraft:damage_taken":64974,"minecraft:damage_absorbed":1772,"minecraft:aviate_one_cm":54509789},"minecraft:killed_by":{"minecraft:magma_cube":2,"minecraft:zombie":2,"minecraft:ender_dragon":1,"minecraft:slime":1,"minecraft:guardian":12,"minecraft:wither_skeleton":1,"minecraft:creeper":2,"minecraft:blaze":1,"minecraft:skeleton":7}},"DataVersion":2586}