{
  "minecraft:adventure/root": {
    "criteria": {
      "killed_by_something": "2024-07-24 21:03:16 -0400"
    },
    "done": true
  },
  "minecraft:recipes/misc/paper": {
    "criteria": {
      "has_reeds": "2024-07-24 21:00:06 -0400"
    },
    "done": true
  },
  "minecraft:recipes/misc/sugar_from_sugar_cane": {
    "criteria": {
      "has_reeds": "2024-07-24 21:00:06 -0400"
    },
    "done": true
  },
  "minecraft:adventure/adventuring_time": {
    "criteria": {
      "minecraft:desert": "2024-07-24 19:34:50 -0400",
      "minecraft:river": "2024-07-24 20:49:28 -0400"
    },
    "done": false
  },
  "DataVersion": 2586
}