{
  "minecraft:nether/root": {
    "criteria": {
      "entered_nether": "2024-07-21 19:57:29 -0400"
    },
    "done": true
  },
  "minecraft:story/enter_the_nether": {
    "criteria": {
      "entered_nether": "2024-07-21 19:57:29 -0400"
    },
    "done": true
  },
  "minecraft:nether/explore_nether": {
    "criteria": {
      "minecraft:nether_wastes": "2024-07-21 19:57:31 -0400"
    },
    "done": false
  },
  "minecraft:adventure/adventuring_time": {
    "criteria": {
      "minecraft:desert": "2024-07-21 21:37:02 -0400"
    },
    "done": false
  },
  "DataVersion": 2586
}