{
  "minecraft:nether/root": {
    "criteria": {
      "entered_nether": "2024-07-18 00:56:53 -0400"
    },
    "done": true
  },
  "minecraft:story/enter_the_nether": {
    "criteria": {
      "entered_nether": "2024-07-18 00:56:53 -0400"
    },
    "done": true
  },
  "minecraft:adventure/adventuring_time": {
    "criteria": {
      "minecraft:desert": "2024-07-16 09:52:19 -0400"
    },
    "done": false
  },
  "minecraft:nether/explore_nether": {
    "criteria": {
      "minecraft:nether_wastes": "2024-07-18 00:56:54 -0400"
    },
    "done": false
  },
  "DataVersion": 2586
}