{
  "minecraft:adventure/root": {
    "criteria": {
      "killed_by_something": "2024-07-24 15:21:23 -0400"
    },
    "done": true
  },
  "minecraft:recipes/misc/paper": {
    "criteria": {
      "has_reeds": "2024-07-24 15:03:51 -0400"
    },
    "done": true
  },
  "minecraft:recipes/misc/sugar_from_sugar_cane": {
    "criteria": {
      "has_reeds": "2024-07-24 15:03:51 -0400"
    },
    "done": true
  },
  "minecraft:adventure/adventuring_time": {
    "criteria": {
      "minecraft:desert": "2024-07-24 15:21:21 -0400",
      "minecraft:river": "2024-07-24 14:53:07 -0400"
    },
    "done": false
  },
  "DataVersion": 2586
}