{
  "minecraft:adventure/root": {
    "criteria": {
      "killed_by_something": "2024-07-24 15:20:09 -0400"
    },
    "done": true
  },
  "minecraft:recipes/misc/paper": {
    "criteria": {
      "has_reeds": "2024-07-24 15:03:53 -0400"
    },
    "done": true
  },
  "minecraft:recipes/misc/sugar_from_sugar_cane": {
    "criteria": {
      "has_reeds": "2024-07-24 15:03:53 -0400"
    },
    "done": true
  },
  "minecraft:adventure/adventuring_time": {
    "criteria": {
      "minecraft:desert": "2024-07-24 14:58:17 -0400",
      "minecraft:river": "2024-07-24 13:54:03 -0400"
    },
    "done": false
  },
  "DataVersion": 2586
}