{
  "minecraft:adventure/root": {
    "criteria": {
      "killed_by_something": "2024-07-23 01:13:44 -0400"
    },
    "done": true
  },
  "minecraft:nether/root": {
    "criteria": {
      "entered_nether": "2024-07-20 18:08:17 -0400"
    },
    "done": true
  },
  "minecraft:story/enter_the_nether": {
    "criteria": {
      "entered_nether": "2024-07-20 18:08:17 -0400"
    },
    "done": true
  },
  "minecraft:adventure/adventuring_time": {
    "criteria": {
      "minecraft:desert": "2024-07-11 12:15:18 -0400"
    },
    "done": false
  },
  "minecraft:nether/explore_nether": {
    "criteria": {
      "minecraft:nether_wastes": "2024-07-20 18:08:18 -0400"
    },
    "done": false
  },
  "DataVersion": 2586
}